"Tile","Guid","MatchingPng","HasMatchingPng","TilePath","TilesonPath","RelativeDir","TilesonExists"
"AutumnForest(0001)_01.tile","4b391749-2080-408f-b509-0a8748d7b108","4b391749-2080-408f-b509-0a8748d7b108.png","True","E:\SteamLibrary\steamapps\common\Scrap Mechanic\Survival\Terrain\Tiles\autumn_forest\AutumnForest(0001)_01.tile","E:\SteamLibrary\steamapps\common\Scrap Mechanic\Survival\Terrain\Tiles\autumn_forest\AutumnForest(0001)_01.tileson","autumn_forest","True"
"AutumnForest(0001)_02.tile","2317289c-b438-4678-936a-84e562eefd04","2317289c-b438-4678-936a-84e562eefd04.png","True","E:\SteamLibrary\steamapps\common\Scrap Mechanic\Survival\Terrain\Tiles\autumn_forest\AutumnForest(0001)_02.tile","E:\SteamLibrary\steamapps\common\Scrap Mechanic\Survival\Terrain\Tiles\autumn_forest\AutumnForest(0001)_02.tileson","autumn_forest","True"
"AutumnForest(0001)_03.tile","b7ec008a-9ad7-4828-bb2e-55fe2e0f7849","b7ec008a-9ad7-4828-bb2e-55fe2e0f7849.png","True","E:\SteamLibrary\steamapps\common\Scrap Mechanic\Survival\Terrain\Tiles\autumn_forest\AutumnForest(0001)_03.tile","E:\SteamLibrary\steamapps\common\Scrap Mechanic\Survival\Terrain\Tiles\autumn_forest\AutumnForest(0001)_03.tileson","autumn_forest","True"
"AutumnForest(0001)_04.tile","2dce54f6-16d6-4aaf-9f9c-2d4cc26a5ad1","2dce54f6-16d6-4aaf-9f9c-2d4cc26a5ad1.png","True","E:\SteamLibrary\steamapps\common\Scrap Mechanic\Survival\Terrain\Tiles\autumn_forest\AutumnForest(0001)_04.tile","E:\SteamLibrary\steamapps\common\Scrap Mechanic\Survival\Terrain\Tiles\autumn_forest\AutumnForest(0001)_04.tileson","autumn_forest","True"
"AutumnForest(0001)_05.tile","b430d9c1-c37a-4cde-9672-f5c418e3f6c1","b430d9c1-c37a-4cde-9672-f5c418e3f6c1.png","True","E:\SteamLibrary\steamapps\common\Scrap Mechanic\Survival\Terrain\Tiles\autumn_forest\AutumnForest(0001)_05.tile","E:\SteamLibrary\steamapps\common\Scrap Mechanic\Survival\Terrain\Tiles\autumn_forest\AutumnForest(0001)_05.tileson","autumn_forest","True"
"AutumnForest(0011)_01.tile","ddb540cd-f757-423f-be9d-6b43e5b44b38","ddb540cd-f757-423f-be9d-6b43e5b44b38.png","True","E:\SteamLibrary\steamapps\common\Scrap Mechanic\Survival\Terrain\Tiles\autumn_forest\AutumnForest(0011)_01.tile","E:\SteamLibrary\steamapps\common\Scrap Mechanic\Survival\Terrain\Tiles\autumn_forest\AutumnForest(0011)_01.tileson","autumn_forest","True"
"AutumnForest(0011)_02.tile","8df4be13-0b40-45fd-a49f-a3ed87fccf95","8df4be13-0b40-45fd-a49f-a3ed87fccf95.png","True","E:\SteamLibrary\steamapps\common\Scrap Mechanic\Survival\Terrain\Tiles\autumn_forest\AutumnForest(0011)_02.tile","E:\SteamLibrary\steamapps\common\Scrap Mechanic\Survival\Terrain\Tiles\autumn_forest\AutumnForest(0011)_02.tileson","autumn_forest","True"
"AutumnForest(0011)_03.tile","231e228d-9f05-431d-b9bd-2914576facab","231e228d-9f05-431d-b9bd-2914576facab.png","True","E:\SteamLibrary\steamapps\common\Scrap Mechanic\Survival\Terrain\Tiles\autumn_forest\AutumnForest(0011)_03.tile","E:\SteamLibrary\steamapps\common\Scrap Mechanic\Survival\Terrain\Tiles\autumn_forest\AutumnForest(0011)_03.tileson","autumn_forest","True"
"AutumnForest(0011)_04.tile","046eb018-1180-4ca8-b217-d6ff7d8e2060","046eb018-1180-4ca8-b217-d6ff7d8e2060.png","True","E:\SteamLibrary\steamapps\common\Scrap Mechanic\Survival\Terrain\Tiles\autumn_forest\AutumnForest(0011)_04.tile","E:\SteamLibrary\steamapps\common\Scrap Mechanic\Survival\Terrain\Tiles\autumn_forest\AutumnForest(0011)_04.tileson","autumn_forest","True"
"AutumnForest(0011)_05.tile","a13a3038-5b35-494e-b7f6-78d84bde5a52","a13a3038-5b35-494e-b7f6-78d84bde5a52.png","True","E:\SteamLibrary\steamapps\common\Scrap Mechanic\Survival\Terrain\Tiles\autumn_forest\AutumnForest(0011)_05.tile","E:\SteamLibrary\steamapps\common\Scrap Mechanic\Survival\Terrain\Tiles\autumn_forest\AutumnForest(0011)_05.tileson","autumn_forest","True"
"AutumnForest(0101)_01.tile","72458596-f56d-401e-a451-f7cfda9f69bc","72458596-f56d-401e-a451-f7cfda9f69bc.png","True","E:\SteamLibrary\steamapps\common\Scrap Mechanic\Survival\Terrain\Tiles\autumn_forest\AutumnForest(0101)_01.tile","E:\SteamLibrary\steamapps\common\Scrap Mechanic\Survival\Terrain\Tiles\autumn_forest\AutumnForest(0101)_01.tileson","autumn_forest","True"
"AutumnForest(0111)_01.tile","2c500779-ee44-466d-9bf1-aaaaa0709f9e","2c500779-ee44-466d-9bf1-aaaaa0709f9e.png","True","E:\SteamLibrary\steamapps\common\Scrap Mechanic\Survival\Terrain\Tiles\autumn_forest\AutumnForest(0111)_01.tile","E:\SteamLibrary\steamapps\common\Scrap Mechanic\Survival\Terrain\Tiles\autumn_forest\AutumnForest(0111)_01.tileson","autumn_forest","True"
"AutumnForest(1111)_01.tile","aa03e6ee-42c4-42ce-93f0-ffc669eb59e6","aa03e6ee-42c4-42ce-93f0-ffc669eb59e6.png","True","E:\SteamLibrary\steamapps\common\Scrap Mechanic\Survival\Terrain\Tiles\autumn_forest\AutumnForest(1111)_01.tile","E:\SteamLibrary\steamapps\common\Scrap Mechanic\Survival\Terrain\Tiles\autumn_forest\AutumnForest(1111)_01.tileson","autumn_forest","True"
"AutumnForest(1111)_02.tile","4b4a6ec1-4130-47c6-8005-a992bc352f94","4b4a6ec1-4130-47c6-8005-a992bc352f94.png","True","E:\SteamLibrary\steamapps\common\Scrap Mechanic\Survival\Terrain\Tiles\autumn_forest\AutumnForest(1111)_02.tile","E:\SteamLibrary\steamapps\common\Scrap Mechanic\Survival\Terrain\Tiles\autumn_forest\AutumnForest(1111)_02.tileson","autumn_forest","True"
"Tier4_DrillbotTrainstation_2048.tile","59970891-b99d-4caf-b78a-6d07fc86dc65","59970891-b99d-4caf-b78a-6d07fc86dc65.png","True","E:\SteamLibrary\steamapps\common\Scrap Mechanic\Survival\Terrain\Tiles\bosstrain\Tier4_DrillbotTrainstation_2048.tile","E:\SteamLibrary\steamapps\common\Scrap Mechanic\Survival\Terrain\Tiles\bosstrain\Tier4_DrillbotTrainstation_2048.tileson","bosstrain","True"
"BurntForest(0001)_01.tile","6f7df918-9f1c-4815-8b24-936a048c321d","6f7df918-9f1c-4815-8b24-936a048c321d.png","True","E:\SteamLibrary\steamapps\common\Scrap Mechanic\Survival\Terrain\Tiles\burnt_forest\BurntForest(0001)_01.tile","E:\SteamLibrary\steamapps\common\Scrap Mechanic\Survival\Terrain\Tiles\burnt_forest\BurntForest(0001)_01.tileson","burnt_forest","True"
"BurntForest(0001)_02.tile","cdd1fd5a-7188-4897-bd70-0bfddebc7e89","cdd1fd5a-7188-4897-bd70-0bfddebc7e89.png","True","E:\SteamLibrary\steamapps\common\Scrap Mechanic\Survival\Terrain\Tiles\burnt_forest\BurntForest(0001)_02.tile","E:\SteamLibrary\steamapps\common\Scrap Mechanic\Survival\Terrain\Tiles\burnt_forest\BurntForest(0001)_02.tileson","burnt_forest","True"
"BurntForest(0001)_03.tile","1eba8ab8-5ea0-476d-ab04-05486bdf4cb2","1eba8ab8-5ea0-476d-ab04-05486bdf4cb2.png","True","E:\SteamLibrary\steamapps\common\Scrap Mechanic\Survival\Terrain\Tiles\burnt_forest\BurntForest(0001)_03.tile","E:\SteamLibrary\steamapps\common\Scrap Mechanic\Survival\Terrain\Tiles\burnt_forest\BurntForest(0001)_03.tileson","burnt_forest","True"
"BurntForest(0011)_01.tile","1f23571d-53c4-49a6-8d11-6f919958ba68","1f23571d-53c4-49a6-8d11-6f919958ba68.png","True","E:\SteamLibrary\steamapps\common\Scrap Mechanic\Survival\Terrain\Tiles\burnt_forest\BurntForest(0011)_01.tile","E:\SteamLibrary\steamapps\common\Scrap Mechanic\Survival\Terrain\Tiles\burnt_forest\BurntForest(0011)_01.tileson","burnt_forest","True"
"BurntForest(0011)_02.tile","9df7f769-ed9c-40d8-9e04-f0e90e957d04","9df7f769-ed9c-40d8-9e04-f0e90e957d04.png","True","E:\SteamLibrary\steamapps\common\Scrap Mechanic\Survival\Terrain\Tiles\burnt_forest\BurntForest(0011)_02.tile","E:\SteamLibrary\steamapps\common\Scrap Mechanic\Survival\Terrain\Tiles\burnt_forest\BurntForest(0011)_02.tileson","burnt_forest","True"
"BurntForest(0011)_03.tile","d0882458-19b0-4c22-93d9-5e900e63e1ea","d0882458-19b0-4c22-93d9-5e900e63e1ea.png","True","E:\SteamLibrary\steamapps\common\Scrap Mechanic\Survival\Terrain\Tiles\burnt_forest\BurntForest(0011)_03.tile","E:\SteamLibrary\steamapps\common\Scrap Mechanic\Survival\Terrain\Tiles\burnt_forest\BurntForest(0011)_03.tileson","burnt_forest","True"
"BurntForest(0101)_01.tile","b2e9abc1-4079-4211-b39a-4495dd5f336d","b2e9abc1-4079-4211-b39a-4495dd5f336d.png","True","E:\SteamLibrary\steamapps\common\Scrap Mechanic\Survival\Terrain\Tiles\burnt_forest\BurntForest(0101)_01.tile","E:\SteamLibrary\steamapps\common\Scrap Mechanic\Survival\Terrain\Tiles\burnt_forest\BurntForest(0101)_01.tileson","burnt_forest","True"
"BurntForest(0111)_01.tile","e6f67efb-1ff8-474b-a34d-bc46ef266244","e6f67efb-1ff8-474b-a34d-bc46ef266244.png","True","E:\SteamLibrary\steamapps\common\Scrap Mechanic\Survival\Terrain\Tiles\burnt_forest\BurntForest(0111)_01.tile","E:\SteamLibrary\steamapps\common\Scrap Mechanic\Survival\Terrain\Tiles\burnt_forest\BurntForest(0111)_01.tileson","burnt_forest","True"
"BurntForest(0111)_02.tile","61e5d4df-dc9f-4184-a700-2f4ef382eae6","61e5d4df-dc9f-4184-a700-2f4ef382eae6.png","True","E:\SteamLibrary\steamapps\common\Scrap Mechanic\Survival\Terrain\Tiles\burnt_forest\BurntForest(0111)_02.tile","E:\SteamLibrary\steamapps\common\Scrap Mechanic\Survival\Terrain\Tiles\burnt_forest\BurntForest(0111)_02.tileson","burnt_forest","True"
"BurntForest(0111)_03.tile","bdadf81d-e2c1-4df1-9fe8-7f590638c17b","bdadf81d-e2c1-4df1-9fe8-7f590638c17b.png","True","E:\SteamLibrary\steamapps\common\Scrap Mechanic\Survival\Terrain\Tiles\burnt_forest\BurntForest(0111)_03.tile","E:\SteamLibrary\steamapps\common\Scrap Mechanic\Survival\Terrain\Tiles\burnt_forest\BurntForest(0111)_03.tileson","burnt_forest","True"
"BurntForest(1111)_01.tile","bac9fc7f-7637-4ab2-b0f1-79ec8e8060a9","bac9fc7f-7637-4ab2-b0f1-79ec8e8060a9.png","True","E:\SteamLibrary\steamapps\common\Scrap Mechanic\Survival\Terrain\Tiles\burnt_forest\BurntForest(1111)_01.tile","E:\SteamLibrary\steamapps\common\Scrap Mechanic\Survival\Terrain\Tiles\burnt_forest\BurntForest(1111)_01.tileson","burnt_forest","True"
"BurntForest(1111)_02.tile","79b955b5-73e3-4dc7-b787-a19f34df2c66","79b955b5-73e3-4dc7-b787-a19f34df2c66.png","True","E:\SteamLibrary\steamapps\common\Scrap Mechanic\Survival\Terrain\Tiles\burnt_forest\BurntForest(1111)_02.tile","E:\SteamLibrary\steamapps\common\Scrap Mechanic\Survival\Terrain\Tiles\burnt_forest\BurntForest(1111)_02.tileson","burnt_forest","True"
"CrashedShip_Meadow_01.tile","d51ebbba-dca0-4744-aac0-e406cfec2fb9","d51ebbba-dca0-4744-aac0-e406cfec2fb9.png","True","E:\SteamLibrary\steamapps\common\Scrap Mechanic\Survival\Terrain\Tiles\CrashedShip_Meadow_01.tile","E:\SteamLibrary\steamapps\common\Scrap Mechanic\Survival\Terrain\Tiles\CrashedShip_Meadow_01.tileson","","True"
"CrashedShip_Meadow_02.tile","de16705c-cb50-4db5-972f-c1c8d77f023d","de16705c-cb50-4db5-972f-c1c8d77f023d.png","True","E:\SteamLibrary\steamapps\common\Scrap Mechanic\Survival\Terrain\Tiles\CrashedShip_Meadow_02.tile","E:\SteamLibrary\steamapps\common\Scrap Mechanic\Survival\Terrain\Tiles\CrashedShip_Meadow_02.tileson","","True"
"CrashedShip_Road_01.tile","90b0f364-0367-4902-8977-39dccf0e9ccf","90b0f364-0367-4902-8977-39dccf0e9ccf.png","True","E:\SteamLibrary\steamapps\common\Scrap Mechanic\Survival\Terrain\Tiles\CrashedShip_Road_01.tile","E:\SteamLibrary\steamapps\common\Scrap Mechanic\Survival\Terrain\Tiles\CrashedShip_Road_01.tileson","","True"
"Desert(0001)_01.tile","78a29afe-bc45-4c9a-81ab-1bf6421f6384","78a29afe-bc45-4c9a-81ab-1bf6421f6384.png","True","E:\SteamLibrary\steamapps\common\Scrap Mechanic\Survival\Terrain\Tiles\desert\Desert(0001)_01.tile","E:\SteamLibrary\steamapps\common\Scrap Mechanic\Survival\Terrain\Tiles\desert\Desert(0001)_01.tileson","desert","True"
"Desert(0001)_02.tile","d96a4990-5fea-4dd2-b855-65bbc8220444","d96a4990-5fea-4dd2-b855-65bbc8220444.png","True","E:\SteamLibrary\steamapps\common\Scrap Mechanic\Survival\Terrain\Tiles\desert\Desert(0001)_02.tile","E:\SteamLibrary\steamapps\common\Scrap Mechanic\Survival\Terrain\Tiles\desert\Desert(0001)_02.tileson","desert","True"
"Desert(0001)_03.tile","3a21490b-a937-4218-84b5-1cfb40441e4b","3a21490b-a937-4218-84b5-1cfb40441e4b.png","True","E:\SteamLibrary\steamapps\common\Scrap Mechanic\Survival\Terrain\Tiles\desert\Desert(0001)_03.tile","E:\SteamLibrary\steamapps\common\Scrap Mechanic\Survival\Terrain\Tiles\desert\Desert(0001)_03.tileson","desert","True"
"Desert(0011)_01.tile","7b3c0d6b-3c1e-4d7f-8e1c-f4a978b1308b","7b3c0d6b-3c1e-4d7f-8e1c-f4a978b1308b.png","True","E:\SteamLibrary\steamapps\common\Scrap Mechanic\Survival\Terrain\Tiles\desert\Desert(0011)_01.tile","E:\SteamLibrary\steamapps\common\Scrap Mechanic\Survival\Terrain\Tiles\desert\Desert(0011)_01.tileson","desert","True"
"Desert(0011)_02.tile","aca428a9-3c94-4133-aa37-60d463170c60","aca428a9-3c94-4133-aa37-60d463170c60.png","True","E:\SteamLibrary\steamapps\common\Scrap Mechanic\Survival\Terrain\Tiles\desert\Desert(0011)_02.tile","E:\SteamLibrary\steamapps\common\Scrap Mechanic\Survival\Terrain\Tiles\desert\Desert(0011)_02.tileson","desert","True"
"Desert(0011)_03.tile","dd7bc6d7-b36a-4ca1-94e4-9701c2a529ac","dd7bc6d7-b36a-4ca1-94e4-9701c2a529ac.png","True","E:\SteamLibrary\steamapps\common\Scrap Mechanic\Survival\Terrain\Tiles\desert\Desert(0011)_03.tile","E:\SteamLibrary\steamapps\common\Scrap Mechanic\Survival\Terrain\Tiles\desert\Desert(0011)_03.tileson","desert","True"
"Desert(0011)_04.tile","6efddc06-2c32-4b7d-b7bc-692bb2544024","6efddc06-2c32-4b7d-b7bc-692bb2544024.png","True","E:\SteamLibrary\steamapps\common\Scrap Mechanic\Survival\Terrain\Tiles\desert\Desert(0011)_04.tile","E:\SteamLibrary\steamapps\common\Scrap Mechanic\Survival\Terrain\Tiles\desert\Desert(0011)_04.tileson","desert","True"
"Desert(0101)_01.tile","1d5869de-c026-43a3-aa28-4a435f58a6a6","1d5869de-c026-43a3-aa28-4a435f58a6a6.png","True","E:\SteamLibrary\steamapps\common\Scrap Mechanic\Survival\Terrain\Tiles\desert\Desert(0101)_01.tile","E:\SteamLibrary\steamapps\common\Scrap Mechanic\Survival\Terrain\Tiles\desert\Desert(0101)_01.tileson","desert","True"
"Desert(0111)_01.tile","94837bb4-91f1-4544-8276-6c5db99bffbc","94837bb4-91f1-4544-8276-6c5db99bffbc.png","True","E:\SteamLibrary\steamapps\common\Scrap Mechanic\Survival\Terrain\Tiles\desert\Desert(0111)_01.tile","E:\SteamLibrary\steamapps\common\Scrap Mechanic\Survival\Terrain\Tiles\desert\Desert(0111)_01.tileson","desert","True"
"Desert(0111)_02.tile","c753392e-567d-4528-9b31-d7b1eb1f50b9","c753392e-567d-4528-9b31-d7b1eb1f50b9.png","True","E:\SteamLibrary\steamapps\common\Scrap Mechanic\Survival\Terrain\Tiles\desert\Desert(0111)_02.tile","E:\SteamLibrary\steamapps\common\Scrap Mechanic\Survival\Terrain\Tiles\desert\Desert(0111)_02.tileson","desert","True"
"Desert(1111)_01.tile","0123c758-c3d4-45fb-a9a8-ad1b54578012","0123c758-c3d4-45fb-a9a8-ad1b54578012.png","True","E:\SteamLibrary\steamapps\common\Scrap Mechanic\Survival\Terrain\Tiles\desert\Desert(1111)_01.tile","E:\SteamLibrary\steamapps\common\Scrap Mechanic\Survival\Terrain\Tiles\desert\Desert(1111)_01.tileson","desert","True"
"Desert(1111)_02.tile","37158e70-8c95-4bca-adee-018f59c721f2","37158e70-8c95-4bca-adee-018f59c721f2.png","True","E:\SteamLibrary\steamapps\common\Scrap Mechanic\Survival\Terrain\Tiles\desert\Desert(1111)_02.tile","E:\SteamLibrary\steamapps\common\Scrap Mechanic\Survival\Terrain\Tiles\desert\Desert(1111)_02.tileson","desert","True"
"Desert(1111)_03.tile","c45f030e-6cf2-4d32-af12-a5fe6e63b690","c45f030e-6cf2-4d32-af12-a5fe6e63b690.png","True","E:\SteamLibrary\steamapps\common\Scrap Mechanic\Survival\Terrain\Tiles\desert\Desert(1111)_03.tile","E:\SteamLibrary\steamapps\common\Scrap Mechanic\Survival\Terrain\Tiles\desert\Desert(1111)_03.tileson","desert","True"
"Desert(1111)_04.tile","780e4e28-6c58-4bf0-b662-66b6f4f58a55","780e4e28-6c58-4bf0-b662-66b6f4f58a55.png","True","E:\SteamLibrary\steamapps\common\Scrap Mechanic\Survival\Terrain\Tiles\desert\Desert(1111)_04.tile","E:\SteamLibrary\steamapps\common\Scrap Mechanic\Survival\Terrain\Tiles\desert\Desert(1111)_04.tileson","desert","True"
"Desert(1111)_05.tile","afa9b4ce-99fb-4b94-991f-75eb78a7e59b","afa9b4ce-99fb-4b94-991f-75eb78a7e59b.png","True","E:\SteamLibrary\steamapps\common\Scrap Mechanic\Survival\Terrain\Tiles\desert\Desert(1111)_05.tile","E:\SteamLibrary\steamapps\common\Scrap Mechanic\Survival\Terrain\Tiles\desert\Desert(1111)_05.tileson","desert","True"
"Desert(1111)_06.tile","3a7cfd16-567b-404c-bcef-3db813942a74","3a7cfd16-567b-404c-bcef-3db813942a74.png","True","E:\SteamLibrary\steamapps\common\Scrap Mechanic\Survival\Terrain\Tiles\desert\Desert(1111)_06.tile","E:\SteamLibrary\steamapps\common\Scrap Mechanic\Survival\Terrain\Tiles\desert\Desert(1111)_06.tileson","desert","True"
"Desert_256_01.tile","7a67cc88-8548-4a44-b6be-a6c9a0f59457","7a67cc88-8548-4a44-b6be-a6c9a0f59457.png","True","E:\SteamLibrary\steamapps\common\Scrap Mechanic\Survival\Terrain\Tiles\desert\Desert_256_01.tile","E:\SteamLibrary\steamapps\common\Scrap Mechanic\Survival\Terrain\Tiles\desert\Desert_256_01.tileson","desert","True"
"ERROR.tile","cd46fe83-a9dd-4cf9-a9e7-55193e284e12","cd46fe83-a9dd-4cf9-a9e7-55193e284e12.png","True","E:\SteamLibrary\steamapps\common\Scrap Mechanic\Survival\Terrain\Tiles\ERROR.tile","E:\SteamLibrary\steamapps\common\Scrap Mechanic\Survival\Terrain\Tiles\ERROR.tileson","","True"
"Error_1024.tile","7fc62cf0-24a1-4074-bdc8-b51546bea6af","7fc62cf0-24a1-4074-bdc8-b51546bea6af.png","True","E:\SteamLibrary\steamapps\common\Scrap Mechanic\Survival\Terrain\Tiles\Error_1024.tile","E:\SteamLibrary\steamapps\common\Scrap Mechanic\Survival\Terrain\Tiles\Error_1024.tileson","","True"
"ExcavationIsland_Beach_256_01.tile","1ec32974-d07c-4ad1-a16c-57dcf90ca342","1ec32974-d07c-4ad1-a16c-57dcf90ca342.png","True","E:\SteamLibrary\steamapps\common\Scrap Mechanic\Survival\Terrain\Tiles\excavation\ExcavationIsland_Beach_256_01.tile","E:\SteamLibrary\steamapps\common\Scrap Mechanic\Survival\Terrain\Tiles\excavation\ExcavationIsland_Beach_256_01.tileson","excavation","True"
"ExcavationIsland_Forest_256_01.tile","01e4e9d7-b4ba-4362-b90d-8cb2b40ca50b","01e4e9d7-b4ba-4362-b90d-8cb2b40ca50b.png","True","E:\SteamLibrary\steamapps\common\Scrap Mechanic\Survival\Terrain\Tiles\excavation\ExcavationIsland_Forest_256_01.tile","E:\SteamLibrary\steamapps\common\Scrap Mechanic\Survival\Terrain\Tiles\excavation\ExcavationIsland_Forest_256_01.tileson","excavation","True"
"ExcavationIsland_KinematicBridge_1024_01.tile","ba31a522-7659-4ec5-b933-8b83960c57f2","ba31a522-7659-4ec5-b933-8b83960c57f2.png","True","E:\SteamLibrary\steamapps\common\Scrap Mechanic\Survival\Terrain\Tiles\excavation\ExcavationIsland_KinematicBridge_1024_01.tile","E:\SteamLibrary\steamapps\common\Scrap Mechanic\Survival\Terrain\Tiles\excavation\ExcavationIsland_KinematicBridge_1024_01.tileson","excavation","True"
"ExcavationIsland_Mountain_1024_01.tile","bf0ba240-416f-4f32-b87d-3a445919e72a","bf0ba240-416f-4f32-b87d-3a445919e72a.png","True","E:\SteamLibrary\steamapps\common\Scrap Mechanic\Survival\Terrain\Tiles\excavation\ExcavationIsland_Mountain_1024_01.tile","E:\SteamLibrary\steamapps\common\Scrap Mechanic\Survival\Terrain\Tiles\excavation\ExcavationIsland_Mountain_1024_01.tileson","excavation","True"
"OverworldToUnderground_SmallElevator_64_01.tile","3d8544c6-6439-4fa4-98f0-ca6d172af467","3d8544c6-6439-4fa4-98f0-ca6d172af467.png","True","E:\SteamLibrary\steamapps\common\Scrap Mechanic\Survival\Terrain\Tiles\excavation\OverworldToUnderground_SmallElevator_64_01.tile","E:\SteamLibrary\steamapps\common\Scrap Mechanic\Survival\Terrain\Tiles\excavation\OverworldToUnderground_SmallElevator_64_01.tileson","excavation","True"
"Field(0001)_01.tile","24878aab-2f07-4a49-b492-bcfe5402c4f7","24878aab-2f07-4a49-b492-bcfe5402c4f7.png","True","E:\SteamLibrary\steamapps\common\Scrap Mechanic\Survival\Terrain\Tiles\field\Field(0001)_01.tile","E:\SteamLibrary\steamapps\common\Scrap Mechanic\Survival\Terrain\Tiles\field\Field(0001)_01.tileson","field","True"
"Field(0011)_01.tile","01582735-15b6-4058-9a39-3a96f5d7c985","01582735-15b6-4058-9a39-3a96f5d7c985.png","True","E:\SteamLibrary\steamapps\common\Scrap Mechanic\Survival\Terrain\Tiles\field\Field(0011)_01.tile","E:\SteamLibrary\steamapps\common\Scrap Mechanic\Survival\Terrain\Tiles\field\Field(0011)_01.tileson","field","True"
"Field(0101)_01.tile","03d476aa-5f86-4efe-aac8-2070b4792bfe","03d476aa-5f86-4efe-aac8-2070b4792bfe.png","True","E:\SteamLibrary\steamapps\common\Scrap Mechanic\Survival\Terrain\Tiles\field\Field(0101)_01.tile","E:\SteamLibrary\steamapps\common\Scrap Mechanic\Survival\Terrain\Tiles\field\Field(0101)_01.tileson","field","True"
"Field(0111)_01.tile","85f20a17-ff0f-490e-b519-5728969ec09b","85f20a17-ff0f-490e-b519-5728969ec09b.png","True","E:\SteamLibrary\steamapps\common\Scrap Mechanic\Survival\Terrain\Tiles\field\Field(0111)_01.tile","E:\SteamLibrary\steamapps\common\Scrap Mechanic\Survival\Terrain\Tiles\field\Field(0111)_01.tileson","field","True"
"Field(1111)_01.tile","48d5d460-1970-4ae5-866d-921fc015f642","48d5d460-1970-4ae5-866d-921fc015f642.png","True","E:\SteamLibrary\steamapps\common\Scrap Mechanic\Survival\Terrain\Tiles\field\Field(1111)_01.tile","E:\SteamLibrary\steamapps\common\Scrap Mechanic\Survival\Terrain\Tiles\field\Field(1111)_01.tileson","field","True"
"Field(1111)_02.tile","644946ef-9f8a-426a-87ac-aefc13cdbaf8","644946ef-9f8a-426a-87ac-aefc13cdbaf8.png","True","E:\SteamLibrary\steamapps\common\Scrap Mechanic\Survival\Terrain\Tiles\field\Field(1111)_02.tile","E:\SteamLibrary\steamapps\common\Scrap Mechanic\Survival\Terrain\Tiles\field\Field(1111)_02.tileson","field","True"
"Field(1111)_03.tile","ebc36e24-eb09-47fd-8d5c-6d05feee5935","ebc36e24-eb09-47fd-8d5c-6d05feee5935.png","True","E:\SteamLibrary\steamapps\common\Scrap Mechanic\Survival\Terrain\Tiles\field\Field(1111)_03.tile","E:\SteamLibrary\steamapps\common\Scrap Mechanic\Survival\Terrain\Tiles\field\Field(1111)_03.tileson","field","True"
"Field(1111)_04.tile","b627932a-bc83-4085-885e-1e79baeed702","b627932a-bc83-4085-885e-1e79baeed702.png","True","E:\SteamLibrary\steamapps\common\Scrap Mechanic\Survival\Terrain\Tiles\field\Field(1111)_04.tile","E:\SteamLibrary\steamapps\common\Scrap Mechanic\Survival\Terrain\Tiles\field\Field(1111)_04.tileson","field","True"
"Field(1111)_05.tile","1b6cc59d-a84f-4d89-a646-1197a24af600","1b6cc59d-a84f-4d89-a646-1197a24af600.png","True","E:\SteamLibrary\steamapps\common\Scrap Mechanic\Survival\Terrain\Tiles\field\Field(1111)_05.tile","E:\SteamLibrary\steamapps\common\Scrap Mechanic\Survival\Terrain\Tiles\field\Field(1111)_05.tileson","field","True"
"Field(1111)_06.tile","4e7147a5-0ca7-41fd-b198-6dcd383033c6","4e7147a5-0ca7-41fd-b198-6dcd383033c6.png","True","E:\SteamLibrary\steamapps\common\Scrap Mechanic\Survival\Terrain\Tiles\field\Field(1111)_06.tile","E:\SteamLibrary\steamapps\common\Scrap Mechanic\Survival\Terrain\Tiles\field\Field(1111)_06.tileson","field","True"
"Field(1111)_07.tile","dd39772b-3811-48c3-bec4-53994b1bbaa2","dd39772b-3811-48c3-bec4-53994b1bbaa2.png","True","E:\SteamLibrary\steamapps\common\Scrap Mechanic\Survival\Terrain\Tiles\field\Field(1111)_07.tile","E:\SteamLibrary\steamapps\common\Scrap Mechanic\Survival\Terrain\Tiles\field\Field(1111)_07.tileson","field","True"
"Forest(0001)_01.tile","b6ab0741-32df-4b0c-a60a-94675337b17c","b6ab0741-32df-4b0c-a60a-94675337b17c.png","True","E:\SteamLibrary\steamapps\common\Scrap Mechanic\Survival\Terrain\Tiles\forest\Forest(0001)_01.tile","E:\SteamLibrary\steamapps\common\Scrap Mechanic\Survival\Terrain\Tiles\forest\Forest(0001)_01.tileson","forest","True"
"Forest(0001)_02.tile","4bea2982-baa8-4dfd-91ee-959170125365","4bea2982-baa8-4dfd-91ee-959170125365.png","True","E:\SteamLibrary\steamapps\common\Scrap Mechanic\Survival\Terrain\Tiles\forest\Forest(0001)_02.tile","E:\SteamLibrary\steamapps\common\Scrap Mechanic\Survival\Terrain\Tiles\forest\Forest(0001)_02.tileson","forest","True"
"Forest(0001)_03.tile","3e006539-6d36-467d-8da1-1d6f54fdf6e6","3e006539-6d36-467d-8da1-1d6f54fdf6e6.png","True","E:\SteamLibrary\steamapps\common\Scrap Mechanic\Survival\Terrain\Tiles\forest\Forest(0001)_03.tile","E:\SteamLibrary\steamapps\common\Scrap Mechanic\Survival\Terrain\Tiles\forest\Forest(0001)_03.tileson","forest","True"
"Forest(0001)_04.tile","7a35e9a3-95a4-46a6-8b2d-3947efd4c9a4","7a35e9a3-95a4-46a6-8b2d-3947efd4c9a4.png","True","E:\SteamLibrary\steamapps\common\Scrap Mechanic\Survival\Terrain\Tiles\forest\Forest(0001)_04.tile","E:\SteamLibrary\steamapps\common\Scrap Mechanic\Survival\Terrain\Tiles\forest\Forest(0001)_04.tileson","forest","True"
"Forest(0001)_05.tile","f883d147-163f-4f5b-89b2-199ad996b8b1","f883d147-163f-4f5b-89b2-199ad996b8b1.png","True","E:\SteamLibrary\steamapps\common\Scrap Mechanic\Survival\Terrain\Tiles\forest\Forest(0001)_05.tile","E:\SteamLibrary\steamapps\common\Scrap Mechanic\Survival\Terrain\Tiles\forest\Forest(0001)_05.tileson","forest","True"
"Forest(0011)_01.tile","e6bc1c42-b139-4e0a-a80f-f219c717de8a","e6bc1c42-b139-4e0a-a80f-f219c717de8a.png","True","E:\SteamLibrary\steamapps\common\Scrap Mechanic\Survival\Terrain\Tiles\forest\Forest(0011)_01.tile","E:\SteamLibrary\steamapps\common\Scrap Mechanic\Survival\Terrain\Tiles\forest\Forest(0011)_01.tileson","forest","True"
"Forest(0011)_02.tile","be932a11-890b-4bf3-a656-39811da61d8c","be932a11-890b-4bf3-a656-39811da61d8c.png","True","E:\SteamLibrary\steamapps\common\Scrap Mechanic\Survival\Terrain\Tiles\forest\Forest(0011)_02.tile","E:\SteamLibrary\steamapps\common\Scrap Mechanic\Survival\Terrain\Tiles\forest\Forest(0011)_02.tileson","forest","True"
"Forest(0011)_03.tile","be6b6923-87d2-4495-b8de-251e11d25352","be6b6923-87d2-4495-b8de-251e11d25352.png","True","E:\SteamLibrary\steamapps\common\Scrap Mechanic\Survival\Terrain\Tiles\forest\Forest(0011)_03.tile","E:\SteamLibrary\steamapps\common\Scrap Mechanic\Survival\Terrain\Tiles\forest\Forest(0011)_03.tileson","forest","True"
"Forest(0011)_04.tile","c70c2dcd-1db5-4a2d-aecc-ffceea35b638","c70c2dcd-1db5-4a2d-aecc-ffceea35b638.png","True","E:\SteamLibrary\steamapps\common\Scrap Mechanic\Survival\Terrain\Tiles\forest\Forest(0011)_04.tile","E:\SteamLibrary\steamapps\common\Scrap Mechanic\Survival\Terrain\Tiles\forest\Forest(0011)_04.tileson","forest","True"
"Forest(0011)_05.tile","973baa53-6bc2-4775-9cff-5b3776f6c9bd","973baa53-6bc2-4775-9cff-5b3776f6c9bd.png","True","E:\SteamLibrary\steamapps\common\Scrap Mechanic\Survival\Terrain\Tiles\forest\Forest(0011)_05.tile","E:\SteamLibrary\steamapps\common\Scrap Mechanic\Survival\Terrain\Tiles\forest\Forest(0011)_05.tileson","forest","True"
"Forest(0101)_01.tile","38d8f705-5600-4135-a8c3-b939ce2babc2","38d8f705-5600-4135-a8c3-b939ce2babc2.png","True","E:\SteamLibrary\steamapps\common\Scrap Mechanic\Survival\Terrain\Tiles\forest\Forest(0101)_01.tile","E:\SteamLibrary\steamapps\common\Scrap Mechanic\Survival\Terrain\Tiles\forest\Forest(0101)_01.tileson","forest","True"
"Forest(0111)_01.tile","62e2c28c-1a59-4956-9e2f-fd727ef704e8","62e2c28c-1a59-4956-9e2f-fd727ef704e8.png","True","E:\SteamLibrary\steamapps\common\Scrap Mechanic\Survival\Terrain\Tiles\forest\Forest(0111)_01.tile","E:\SteamLibrary\steamapps\common\Scrap Mechanic\Survival\Terrain\Tiles\forest\Forest(0111)_01.tileson","forest","True"
"Forest(1111)_01.tile","b7c31a79-6c63-4346-8f24-7a5415081879","b7c31a79-6c63-4346-8f24-7a5415081879.png","True","E:\SteamLibrary\steamapps\common\Scrap Mechanic\Survival\Terrain\Tiles\forest\Forest(1111)_01.tile","E:\SteamLibrary\steamapps\common\Scrap Mechanic\Survival\Terrain\Tiles\forest\Forest(1111)_01.tileson","forest","True"
"Forest(1111)_02.tile","10d13c08-12d5-48ba-85c5-1f4e1af0328c","10d13c08-12d5-48ba-85c5-1f4e1af0328c.png","True","E:\SteamLibrary\steamapps\common\Scrap Mechanic\Survival\Terrain\Tiles\forest\Forest(1111)_02.tile","E:\SteamLibrary\steamapps\common\Scrap Mechanic\Survival\Terrain\Tiles\forest\Forest(1111)_02.tileson","forest","True"
"Forest(1111)_03.tile","911d2398-9ca1-4bfc-9134-353b405d11c8","911d2398-9ca1-4bfc-9134-353b405d11c8.png","True","E:\SteamLibrary\steamapps\common\Scrap Mechanic\Survival\Terrain\Tiles\forest\Forest(1111)_03.tile","E:\SteamLibrary\steamapps\common\Scrap Mechanic\Survival\Terrain\Tiles\forest\Forest(1111)_03.tileson","forest","True"
"gameplay_trashbot_main.tile","67b0e8ab-59b5-4a58-8384-65de3bf5cddb","67b0e8ab-59b5-4a58-8384-65de3bf5cddb.png","True","E:\SteamLibrary\steamapps\common\Scrap Mechanic\Survival\Terrain\Tiles\GameplayTiles\Trashbot\gameplay_trashbot_main.tile","E:\SteamLibrary\steamapps\common\Scrap Mechanic\Survival\Terrain\Tiles\GameplayTiles\Trashbot\gameplay_trashbot_main.tileson","GameplayTiles\Trashbot","True"
"Lake(0001)_01.tile","1ea5ab23-e8d1-4b02-a290-d2494e4e7512","1ea5ab23-e8d1-4b02-a290-d2494e4e7512.png","True","E:\SteamLibrary\steamapps\common\Scrap Mechanic\Survival\Terrain\Tiles\lake\Lake(0001)_01.tile","E:\SteamLibrary\steamapps\common\Scrap Mechanic\Survival\Terrain\Tiles\lake\Lake(0001)_01.tileson","lake","True"
"Lake(0001)_02.tile","8fe85bd6-dc12-41c9-9f29-534b5c48d5d1","8fe85bd6-dc12-41c9-9f29-534b5c48d5d1.png","True","E:\SteamLibrary\steamapps\common\Scrap Mechanic\Survival\Terrain\Tiles\lake\Lake(0001)_02.tile","E:\SteamLibrary\steamapps\common\Scrap Mechanic\Survival\Terrain\Tiles\lake\Lake(0001)_02.tileson","lake","True"
"Lake(0001)_03.tile","f9295fc8-56fd-4e79-a971-cce2cfd10633","f9295fc8-56fd-4e79-a971-cce2cfd10633.png","True","E:\SteamLibrary\steamapps\common\Scrap Mechanic\Survival\Terrain\Tiles\lake\Lake(0001)_03.tile","E:\SteamLibrary\steamapps\common\Scrap Mechanic\Survival\Terrain\Tiles\lake\Lake(0001)_03.tileson","lake","True"
"Lake(0001)_04.tile","af18e876-ae6e-48cb-9a9e-f2aea20b3042","af18e876-ae6e-48cb-9a9e-f2aea20b3042.png","True","E:\SteamLibrary\steamapps\common\Scrap Mechanic\Survival\Terrain\Tiles\lake\Lake(0001)_04.tile","E:\SteamLibrary\steamapps\common\Scrap Mechanic\Survival\Terrain\Tiles\lake\Lake(0001)_04.tileson","lake","True"
"Lake(0001)_05.tile","3f715ee3-ae47-4df3-a273-49b673cae158","3f715ee3-ae47-4df3-a273-49b673cae158.png","True","E:\SteamLibrary\steamapps\common\Scrap Mechanic\Survival\Terrain\Tiles\lake\Lake(0001)_05.tile","E:\SteamLibrary\steamapps\common\Scrap Mechanic\Survival\Terrain\Tiles\lake\Lake(0001)_05.tileson","lake","True"
"Lake(0001)_06.tile","c8272fd7-4f86-4c4d-87f5-4fc0c3166ff6","c8272fd7-4f86-4c4d-87f5-4fc0c3166ff6.png","True","E:\SteamLibrary\steamapps\common\Scrap Mechanic\Survival\Terrain\Tiles\lake\Lake(0001)_06.tile","E:\SteamLibrary\steamapps\common\Scrap Mechanic\Survival\Terrain\Tiles\lake\Lake(0001)_06.tileson","lake","True"
"Lake(0001)_07.tile","86fc7552-c3ad-4403-9f81-3d56012019ef","86fc7552-c3ad-4403-9f81-3d56012019ef.png","True","E:\SteamLibrary\steamapps\common\Scrap Mechanic\Survival\Terrain\Tiles\lake\Lake(0001)_07.tile","E:\SteamLibrary\steamapps\common\Scrap Mechanic\Survival\Terrain\Tiles\lake\Lake(0001)_07.tileson","lake","True"
"Lake(0001)_08.tile","7ceab330-2084-47de-8a93-f47bcd639153","7ceab330-2084-47de-8a93-f47bcd639153.png","True","E:\SteamLibrary\steamapps\common\Scrap Mechanic\Survival\Terrain\Tiles\lake\Lake(0001)_08.tile","E:\SteamLibrary\steamapps\common\Scrap Mechanic\Survival\Terrain\Tiles\lake\Lake(0001)_08.tileson","lake","True"
"Lake(0001)_09.tile","77c1c957-9fd7-43bd-a1be-3f5f29ae7c4f","77c1c957-9fd7-43bd-a1be-3f5f29ae7c4f.png","True","E:\SteamLibrary\steamapps\common\Scrap Mechanic\Survival\Terrain\Tiles\lake\Lake(0001)_09.tile","E:\SteamLibrary\steamapps\common\Scrap Mechanic\Survival\Terrain\Tiles\lake\Lake(0001)_09.tileson","lake","True"
"Lake(0001)_10.tile","8020cad6-1601-42e5-a60b-93428c794ca1","8020cad6-1601-42e5-a60b-93428c794ca1.png","True","E:\SteamLibrary\steamapps\common\Scrap Mechanic\Survival\Terrain\Tiles\lake\Lake(0001)_10.tile","E:\SteamLibrary\steamapps\common\Scrap Mechanic\Survival\Terrain\Tiles\lake\Lake(0001)_10.tileson","lake","True"
"Lake(0001)_11.tile","72afb665-b9dc-4ca6-9689-7bb4df3ed6bd","72afb665-b9dc-4ca6-9689-7bb4df3ed6bd.png","True","E:\SteamLibrary\steamapps\common\Scrap Mechanic\Survival\Terrain\Tiles\lake\Lake(0001)_11.tile","E:\SteamLibrary\steamapps\common\Scrap Mechanic\Survival\Terrain\Tiles\lake\Lake(0001)_11.tileson","lake","True"
"Lake(0011)_01.tile","7db1791b-30b0-4c79-8f7f-88d0543e0a78","7db1791b-30b0-4c79-8f7f-88d0543e0a78.png","True","E:\SteamLibrary\steamapps\common\Scrap Mechanic\Survival\Terrain\Tiles\lake\Lake(0011)_01.tile","E:\SteamLibrary\steamapps\common\Scrap Mechanic\Survival\Terrain\Tiles\lake\Lake(0011)_01.tileson","lake","True"
"Lake(0011)_02.tile","111ca6bd-0f37-4a55-8755-88b411f70ab9","111ca6bd-0f37-4a55-8755-88b411f70ab9.png","True","E:\SteamLibrary\steamapps\common\Scrap Mechanic\Survival\Terrain\Tiles\lake\Lake(0011)_02.tile","E:\SteamLibrary\steamapps\common\Scrap Mechanic\Survival\Terrain\Tiles\lake\Lake(0011)_02.tileson","lake","True"
"Lake(0011)_03.tile","6c7c7872-89f9-488c-9133-8897be66b6a5","6c7c7872-89f9-488c-9133-8897be66b6a5.png","True","E:\SteamLibrary\steamapps\common\Scrap Mechanic\Survival\Terrain\Tiles\lake\Lake(0011)_03.tile","E:\SteamLibrary\steamapps\common\Scrap Mechanic\Survival\Terrain\Tiles\lake\Lake(0011)_03.tileson","lake","True"
"Lake(0011)_04.tile","1d7dbd16-c2e8-4e81-88a4-7e5a54ff6afd","1d7dbd16-c2e8-4e81-88a4-7e5a54ff6afd.png","True","E:\SteamLibrary\steamapps\common\Scrap Mechanic\Survival\Terrain\Tiles\lake\Lake(0011)_04.tile","E:\SteamLibrary\steamapps\common\Scrap Mechanic\Survival\Terrain\Tiles\lake\Lake(0011)_04.tileson","lake","True"
"Lake(0011)_05.tile","99b53e6e-acc1-4e05-8ac3-15da7e11ece3","99b53e6e-acc1-4e05-8ac3-15da7e11ece3.png","True","E:\SteamLibrary\steamapps\common\Scrap Mechanic\Survival\Terrain\Tiles\lake\Lake(0011)_05.tile","E:\SteamLibrary\steamapps\common\Scrap Mechanic\Survival\Terrain\Tiles\lake\Lake(0011)_05.tileson","lake","True"
"Lake(0011)_06.tile","cb9086fe-9f57-4a3e-9eaf-03f2aba7d425","cb9086fe-9f57-4a3e-9eaf-03f2aba7d425.png","True","E:\SteamLibrary\steamapps\common\Scrap Mechanic\Survival\Terrain\Tiles\lake\Lake(0011)_06.tile","E:\SteamLibrary\steamapps\common\Scrap Mechanic\Survival\Terrain\Tiles\lake\Lake(0011)_06.tileson","lake","True"
"Lake(0011)_07.tile","7a267f36-db61-412c-a999-9d5e987fa66e","7a267f36-db61-412c-a999-9d5e987fa66e.png","True","E:\SteamLibrary\steamapps\common\Scrap Mechanic\Survival\Terrain\Tiles\lake\Lake(0011)_07.tile","E:\SteamLibrary\steamapps\common\Scrap Mechanic\Survival\Terrain\Tiles\lake\Lake(0011)_07.tileson","lake","True"
"Lake(0011)_08.tile","83be72a2-ebd7-4ea4-84a4-0d7bfa2ac42b","83be72a2-ebd7-4ea4-84a4-0d7bfa2ac42b.png","True","E:\SteamLibrary\steamapps\common\Scrap Mechanic\Survival\Terrain\Tiles\lake\Lake(0011)_08.tile","E:\SteamLibrary\steamapps\common\Scrap Mechanic\Survival\Terrain\Tiles\lake\Lake(0011)_08.tileson","lake","True"
"Lake(0011)_09.tile","bcc31369-8591-49a9-8509-e28b87d8701d","bcc31369-8591-49a9-8509-e28b87d8701d.png","True","E:\SteamLibrary\steamapps\common\Scrap Mechanic\Survival\Terrain\Tiles\lake\Lake(0011)_09.tile","E:\SteamLibrary\steamapps\common\Scrap Mechanic\Survival\Terrain\Tiles\lake\Lake(0011)_09.tileson","lake","True"
"Lake(0011)_10.tile","a5f8a5fc-dc75-4c61-9ce9-ab7cd4cd58dc","a5f8a5fc-dc75-4c61-9ce9-ab7cd4cd58dc.png","True","E:\SteamLibrary\steamapps\common\Scrap Mechanic\Survival\Terrain\Tiles\lake\Lake(0011)_10.tile","E:\SteamLibrary\steamapps\common\Scrap Mechanic\Survival\Terrain\Tiles\lake\Lake(0011)_10.tileson","lake","True"
"Lake(0011)_11.tile","55b6fd34-5c3a-4788-a892-e712d98684d6","55b6fd34-5c3a-4788-a892-e712d98684d6.png","True","E:\SteamLibrary\steamapps\common\Scrap Mechanic\Survival\Terrain\Tiles\lake\Lake(0011)_11.tile","E:\SteamLibrary\steamapps\common\Scrap Mechanic\Survival\Terrain\Tiles\lake\Lake(0011)_11.tileson","lake","True"
"Lake(0011)_12.tile","52190307-ecb9-4187-9d61-1c6bbf29cb76","52190307-ecb9-4187-9d61-1c6bbf29cb76.png","True","E:\SteamLibrary\steamapps\common\Scrap Mechanic\Survival\Terrain\Tiles\lake\Lake(0011)_12.tile","E:\SteamLibrary\steamapps\common\Scrap Mechanic\Survival\Terrain\Tiles\lake\Lake(0011)_12.tileson","lake","True"
"Lake(0011)_13.tile","092674ae-7ea4-445f-a98d-52f6b24a99c0","092674ae-7ea4-445f-a98d-52f6b24a99c0.png","True","E:\SteamLibrary\steamapps\common\Scrap Mechanic\Survival\Terrain\Tiles\lake\Lake(0011)_13.tile","E:\SteamLibrary\steamapps\common\Scrap Mechanic\Survival\Terrain\Tiles\lake\Lake(0011)_13.tileson","lake","True"
"Lake(0011)_14.tile","92616469-7a80-4dae-a647-6638fc16080f","92616469-7a80-4dae-a647-6638fc16080f.png","True","E:\SteamLibrary\steamapps\common\Scrap Mechanic\Survival\Terrain\Tiles\lake\Lake(0011)_14.tile","E:\SteamLibrary\steamapps\common\Scrap Mechanic\Survival\Terrain\Tiles\lake\Lake(0011)_14.tileson","lake","True"
"Lake(0101)_01.tile","6d8c7d32-e97f-4236-894a-b3639609044d","6d8c7d32-e97f-4236-894a-b3639609044d.png","True","E:\SteamLibrary\steamapps\common\Scrap Mechanic\Survival\Terrain\Tiles\lake\Lake(0101)_01.tile","E:\SteamLibrary\steamapps\common\Scrap Mechanic\Survival\Terrain\Tiles\lake\Lake(0101)_01.tileson","lake","True"
"Lake(0111)_01.tile","48ebd5ec-f503-4a6f-85a9-32510fdfe02f","48ebd5ec-f503-4a6f-85a9-32510fdfe02f.png","True","E:\SteamLibrary\steamapps\common\Scrap Mechanic\Survival\Terrain\Tiles\lake\Lake(0111)_01.tile","E:\SteamLibrary\steamapps\common\Scrap Mechanic\Survival\Terrain\Tiles\lake\Lake(0111)_01.tileson","lake","True"
"Lake(0111)_02.tile","9bbf51f6-fe33-4a1c-9675-bbdfa93fb447","9bbf51f6-fe33-4a1c-9675-bbdfa93fb447.png","True","E:\SteamLibrary\steamapps\common\Scrap Mechanic\Survival\Terrain\Tiles\lake\Lake(0111)_02.tile","E:\SteamLibrary\steamapps\common\Scrap Mechanic\Survival\Terrain\Tiles\lake\Lake(0111)_02.tileson","lake","True"
"Lake(0111)_03.tile","0c58144b-42ab-42c3-b4f1-28a3406122ab","0c58144b-42ab-42c3-b4f1-28a3406122ab.png","True","E:\SteamLibrary\steamapps\common\Scrap Mechanic\Survival\Terrain\Tiles\lake\Lake(0111)_03.tile","E:\SteamLibrary\steamapps\common\Scrap Mechanic\Survival\Terrain\Tiles\lake\Lake(0111)_03.tileson","lake","True"
"Lake(0111)_04.tile","d7c5b115-13b5-458b-9bc6-20b55961ce34","d7c5b115-13b5-458b-9bc6-20b55961ce34.png","True","E:\SteamLibrary\steamapps\common\Scrap Mechanic\Survival\Terrain\Tiles\lake\Lake(0111)_04.tile","E:\SteamLibrary\steamapps\common\Scrap Mechanic\Survival\Terrain\Tiles\lake\Lake(0111)_04.tileson","lake","True"
"Lake(0111)_05.tile","4b9a9f88-4c4d-4629-a9a2-94d172bfd36b","4b9a9f88-4c4d-4629-a9a2-94d172bfd36b.png","True","E:\SteamLibrary\steamapps\common\Scrap Mechanic\Survival\Terrain\Tiles\lake\Lake(0111)_05.tile","E:\SteamLibrary\steamapps\common\Scrap Mechanic\Survival\Terrain\Tiles\lake\Lake(0111)_05.tileson","lake","True"
"Lake(0111)_06.tile","9fc40ce9-2b75-4483-a492-534565d7917f","9fc40ce9-2b75-4483-a492-534565d7917f.png","True","E:\SteamLibrary\steamapps\common\Scrap Mechanic\Survival\Terrain\Tiles\lake\Lake(0111)_06.tile","E:\SteamLibrary\steamapps\common\Scrap Mechanic\Survival\Terrain\Tiles\lake\Lake(0111)_06.tileson","lake","True"
"Lake(1111)_01.tile","87d5b9f2-64d8-4eaa-930d-073ade3fdcb3","87d5b9f2-64d8-4eaa-930d-073ade3fdcb3.png","True","E:\SteamLibrary\steamapps\common\Scrap Mechanic\Survival\Terrain\Tiles\lake\Lake(1111)_01.tile","E:\SteamLibrary\steamapps\common\Scrap Mechanic\Survival\Terrain\Tiles\lake\Lake(1111)_01.tileson","lake","True"
"Lake(1111)_02.tile","f7135ab9-05f3-4130-9e26-a24941082ffb","f7135ab9-05f3-4130-9e26-a24941082ffb.png","True","E:\SteamLibrary\steamapps\common\Scrap Mechanic\Survival\Terrain\Tiles\lake\Lake(1111)_02.tile","E:\SteamLibrary\steamapps\common\Scrap Mechanic\Survival\Terrain\Tiles\lake\Lake(1111)_02.tileson","lake","True"
"Lake(1111)_03.tile","784f602b-80b8-4e56-bb6c-92abecd73a0a","784f602b-80b8-4e56-bb6c-92abecd73a0a.png","True","E:\SteamLibrary\steamapps\common\Scrap Mechanic\Survival\Terrain\Tiles\lake\Lake(1111)_03.tile","E:\SteamLibrary\steamapps\common\Scrap Mechanic\Survival\Terrain\Tiles\lake\Lake(1111)_03.tileson","lake","True"
"Lake(1111)_04.tile","58f0bc49-5775-4684-a490-501f0137d57d","58f0bc49-5775-4684-a490-501f0137d57d.png","True","E:\SteamLibrary\steamapps\common\Scrap Mechanic\Survival\Terrain\Tiles\lake\Lake(1111)_04.tile","E:\SteamLibrary\steamapps\common\Scrap Mechanic\Survival\Terrain\Tiles\lake\Lake(1111)_04.tileson","lake","True"
"Lake(1111)_05.tile","9f6d272c-e83c-4951-85d4-ade117910822","9f6d272c-e83c-4951-85d4-ade117910822.png","True","E:\SteamLibrary\steamapps\common\Scrap Mechanic\Survival\Terrain\Tiles\lake\Lake(1111)_05.tile","E:\SteamLibrary\steamapps\common\Scrap Mechanic\Survival\Terrain\Tiles\lake\Lake(1111)_05.tileson","lake","True"
"Lake(1111)_06.tile","ef746abb-98c6-4163-a256-5b850923b401","ef746abb-98c6-4163-a256-5b850923b401.png","True","E:\SteamLibrary\steamapps\common\Scrap Mechanic\Survival\Terrain\Tiles\lake\Lake(1111)_06.tile","E:\SteamLibrary\steamapps\common\Scrap Mechanic\Survival\Terrain\Tiles\lake\Lake(1111)_06.tileson","lake","True"
"Lake(1111)_07.tile","beb49eff-aa1c-40de-8f23-74dfc847eb4a","beb49eff-aa1c-40de-8f23-74dfc847eb4a.png","True","E:\SteamLibrary\steamapps\common\Scrap Mechanic\Survival\Terrain\Tiles\lake\Lake(1111)_07.tile","E:\SteamLibrary\steamapps\common\Scrap Mechanic\Survival\Terrain\Tiles\lake\Lake(1111)_07.tileson","lake","True"
"Lake(1111)_08.tile","71d6e69b-0188-40ca-acaf-874941a22cf6","71d6e69b-0188-40ca-acaf-874941a22cf6.png","True","E:\SteamLibrary\steamapps\common\Scrap Mechanic\Survival\Terrain\Tiles\lake\Lake(1111)_08.tile","E:\SteamLibrary\steamapps\common\Scrap Mechanic\Survival\Terrain\Tiles\lake\Lake(1111)_08.tileson","lake","True"
"Lake(1111)_09.tile","ce722b0c-38bc-4a9d-b9d7-6887dff3203f","ce722b0c-38bc-4a9d-b9d7-6887dff3203f.png","True","E:\SteamLibrary\steamapps\common\Scrap Mechanic\Survival\Terrain\Tiles\lake\Lake(1111)_09.tile","E:\SteamLibrary\steamapps\common\Scrap Mechanic\Survival\Terrain\Tiles\lake\Lake(1111)_09.tileson","lake","True"
"Lake(1111)_10.tile","7295dfce-a802-4677-a9a0-271ccbc146b7","7295dfce-a802-4677-a9a0-271ccbc146b7.png","True","E:\SteamLibrary\steamapps\common\Scrap Mechanic\Survival\Terrain\Tiles\lake\Lake(1111)_10.tile","E:\SteamLibrary\steamapps\common\Scrap Mechanic\Survival\Terrain\Tiles\lake\Lake(1111)_10.tileson","lake","True"
"Lake(1111)_11.tile","ff81a193-30e6-42d2-b597-78dfe47fdf2b","ff81a193-30e6-42d2-b597-78dfe47fdf2b.png","True","E:\SteamLibrary\steamapps\common\Scrap Mechanic\Survival\Terrain\Tiles\lake\Lake(1111)_11.tile","E:\SteamLibrary\steamapps\common\Scrap Mechanic\Survival\Terrain\Tiles\lake\Lake(1111)_11.tileson","lake","True"
"Lake(1111)_12.tile","1f2c35cf-5aea-4e90-968f-f13780ec31c3","1f2c35cf-5aea-4e90-968f-f13780ec31c3.png","True","E:\SteamLibrary\steamapps\common\Scrap Mechanic\Survival\Terrain\Tiles\lake\Lake(1111)_12.tile","E:\SteamLibrary\steamapps\common\Scrap Mechanic\Survival\Terrain\Tiles\lake\Lake(1111)_12.tileson","lake","True"
"Lake(1111)_13.tile","08e49c83-8d78-4bf9-942c-ba3062dadbb5","08e49c83-8d78-4bf9-942c-ba3062dadbb5.png","True","E:\SteamLibrary\steamapps\common\Scrap Mechanic\Survival\Terrain\Tiles\lake\Lake(1111)_13.tile","E:\SteamLibrary\steamapps\common\Scrap Mechanic\Survival\Terrain\Tiles\lake\Lake(1111)_13.tileson","lake","True"
"Hideout_512_01_legacy.tile","ba590d07-4cfc-4b3d-a734-b011f546b666","ba590d07-4cfc-4b3d-a734-b011f546b666.png","True","E:\SteamLibrary\steamapps\common\Scrap Mechanic\Survival\Terrain\Tiles\legacy\Hideout_512_01_legacy.tile","E:\SteamLibrary\steamapps\common\Scrap Mechanic\Survival\Terrain\Tiles\legacy\Hideout_512_01_legacy.tileson","legacy","True"
"Meadow_128(1111)_02.tile","ba96e465-8985-48b9-a352-16efb64a867e","ba96e465-8985-48b9-a352-16efb64a867e.png","True","E:\SteamLibrary\steamapps\common\Scrap Mechanic\Survival\Terrain\Tiles\meadow\Meadow_128(1111)_02.tile","E:\SteamLibrary\steamapps\common\Scrap Mechanic\Survival\Terrain\Tiles\meadow\Meadow_128(1111)_02.tileson","meadow","True"
"Meadow_128(1111)_03.tile","2cdc45a4-1716-496f-b62f-db2a30675be9","2cdc45a4-1716-496f-b62f-db2a30675be9.png","True","E:\SteamLibrary\steamapps\common\Scrap Mechanic\Survival\Terrain\Tiles\meadow\Meadow_128(1111)_03.tile","E:\SteamLibrary\steamapps\common\Scrap Mechanic\Survival\Terrain\Tiles\meadow\Meadow_128(1111)_03.tileson","meadow","True"
"Meadow_128(1111)_04.tile","7e627ada-9376-4744-a257-8d1f3d99c5d0","7e627ada-9376-4744-a257-8d1f3d99c5d0.png","True","E:\SteamLibrary\steamapps\common\Scrap Mechanic\Survival\Terrain\Tiles\meadow\Meadow_128(1111)_04.tile","E:\SteamLibrary\steamapps\common\Scrap Mechanic\Survival\Terrain\Tiles\meadow\Meadow_128(1111)_04.tileson","meadow","True"
"Meadow_128(1111)_05.tile","ca5f9458-ed12-4c55-b943-996be6aaa1d1","ca5f9458-ed12-4c55-b943-996be6aaa1d1.png","True","E:\SteamLibrary\steamapps\common\Scrap Mechanic\Survival\Terrain\Tiles\meadow\Meadow_128(1111)_05.tile","E:\SteamLibrary\steamapps\common\Scrap Mechanic\Survival\Terrain\Tiles\meadow\Meadow_128(1111)_05.tileson","meadow","True"
"Meadow_128(1111)_06.tile","ca428cf6-6947-4bfd-90c0-206b8fc1fbeb","ca428cf6-6947-4bfd-90c0-206b8fc1fbeb.png","True","E:\SteamLibrary\steamapps\common\Scrap Mechanic\Survival\Terrain\Tiles\meadow\Meadow_128(1111)_06.tile","E:\SteamLibrary\steamapps\common\Scrap Mechanic\Survival\Terrain\Tiles\meadow\Meadow_128(1111)_06.tileson","meadow","True"
"Meadow_128(1111)_07.tile","94178cf5-2904-4b0c-a08d-2a3fcbec6f44","94178cf5-2904-4b0c-a08d-2a3fcbec6f44.png","True","E:\SteamLibrary\steamapps\common\Scrap Mechanic\Survival\Terrain\Tiles\meadow\Meadow_128(1111)_07.tile","E:\SteamLibrary\steamapps\common\Scrap Mechanic\Survival\Terrain\Tiles\meadow\Meadow_128(1111)_07.tileson","meadow","True"
"Meadow_128(1111)_08.tile","c9b095fc-981f-40e5-8159-88404d467480","c9b095fc-981f-40e5-8159-88404d467480.png","True","E:\SteamLibrary\steamapps\common\Scrap Mechanic\Survival\Terrain\Tiles\meadow\Meadow_128(1111)_08.tile","E:\SteamLibrary\steamapps\common\Scrap Mechanic\Survival\Terrain\Tiles\meadow\Meadow_128(1111)_08.tileson","meadow","True"
"Meadow_128(1111)_09.tile","5a52ab25-0d30-48f6-bf19-a6218398576b","5a52ab25-0d30-48f6-bf19-a6218398576b.png","True","E:\SteamLibrary\steamapps\common\Scrap Mechanic\Survival\Terrain\Tiles\meadow\Meadow_128(1111)_09.tile","E:\SteamLibrary\steamapps\common\Scrap Mechanic\Survival\Terrain\Tiles\meadow\Meadow_128(1111)_09.tileson","meadow","True"
"Meadow_128(1111)_10.tile","950e4b0c-fa15-4612-93fa-7b9db73e41ef","950e4b0c-fa15-4612-93fa-7b9db73e41ef.png","True","E:\SteamLibrary\steamapps\common\Scrap Mechanic\Survival\Terrain\Tiles\meadow\Meadow_128(1111)_10.tile","E:\SteamLibrary\steamapps\common\Scrap Mechanic\Survival\Terrain\Tiles\meadow\Meadow_128(1111)_10.tileson","meadow","True"
"Meadow_128(1111)_11.tile","8accf536-0214-4667-8511-649662460486","8accf536-0214-4667-8511-649662460486.png","True","E:\SteamLibrary\steamapps\common\Scrap Mechanic\Survival\Terrain\Tiles\meadow\Meadow_128(1111)_11.tile","E:\SteamLibrary\steamapps\common\Scrap Mechanic\Survival\Terrain\Tiles\meadow\Meadow_128(1111)_11.tileson","meadow","True"
"Meadow_64(1111)_01.tile","54b1f04b-de02-4e82-bf2b-f2d7ef163356","54b1f04b-de02-4e82-bf2b-f2d7ef163356.png","True","E:\SteamLibrary\steamapps\common\Scrap Mechanic\Survival\Terrain\Tiles\meadow\Meadow_64(1111)_01.tile","E:\SteamLibrary\steamapps\common\Scrap Mechanic\Survival\Terrain\Tiles\meadow\Meadow_64(1111)_01.tileson","meadow","True"
"Meadow_64(1111)_02.tile","88b74423-5749-49f6-bddc-15c0b951130f","88b74423-5749-49f6-bddc-15c0b951130f.png","True","E:\SteamLibrary\steamapps\common\Scrap Mechanic\Survival\Terrain\Tiles\meadow\Meadow_64(1111)_02.tile","E:\SteamLibrary\steamapps\common\Scrap Mechanic\Survival\Terrain\Tiles\meadow\Meadow_64(1111)_02.tileson","meadow","True"
"Meadow_64(1111)_03.tile","2c380613-2da9-4f56-9cbd-2109a4fa8a2b","2c380613-2da9-4f56-9cbd-2109a4fa8a2b.png","True","E:\SteamLibrary\steamapps\common\Scrap Mechanic\Survival\Terrain\Tiles\meadow\Meadow_64(1111)_03.tile","E:\SteamLibrary\steamapps\common\Scrap Mechanic\Survival\Terrain\Tiles\meadow\Meadow_64(1111)_03.tileson","meadow","True"
"Meadow_64(1111)_04.tile","b9f929eb-740e-4a0d-a0ab-d74d00e7afa7","b9f929eb-740e-4a0d-a0ab-d74d00e7afa7.png","True","E:\SteamLibrary\steamapps\common\Scrap Mechanic\Survival\Terrain\Tiles\meadow\Meadow_64(1111)_04.tile","E:\SteamLibrary\steamapps\common\Scrap Mechanic\Survival\Terrain\Tiles\meadow\Meadow_64(1111)_04.tileson","meadow","True"
"Meadow_64(1111)_05.tile","76838c0b-f359-4a1b-b7ac-d33117644e03","76838c0b-f359-4a1b-b7ac-d33117644e03.png","True","E:\SteamLibrary\steamapps\common\Scrap Mechanic\Survival\Terrain\Tiles\meadow\Meadow_64(1111)_05.tile","E:\SteamLibrary\steamapps\common\Scrap Mechanic\Survival\Terrain\Tiles\meadow\Meadow_64(1111)_05.tileson","meadow","True"
"Meadow_64(1111)_06.tile","ed36d855-3bd0-4280-bf76-ae4ef78c0e6e","ed36d855-3bd0-4280-bf76-ae4ef78c0e6e.png","True","E:\SteamLibrary\steamapps\common\Scrap Mechanic\Survival\Terrain\Tiles\meadow\Meadow_64(1111)_06.tile","E:\SteamLibrary\steamapps\common\Scrap Mechanic\Survival\Terrain\Tiles\meadow\Meadow_64(1111)_06.tileson","meadow","True"
"Meadow_64(1111)_07.tile","cf9e70b9-3778-4797-a247-2049a98faceb","cf9e70b9-3778-4797-a247-2049a98faceb.png","True","E:\SteamLibrary\steamapps\common\Scrap Mechanic\Survival\Terrain\Tiles\meadow\Meadow_64(1111)_07.tile","E:\SteamLibrary\steamapps\common\Scrap Mechanic\Survival\Terrain\Tiles\meadow\Meadow_64(1111)_07.tileson","meadow","True"
"Meadow_64(1111)_08.tile","8125416c-0a36-4f70-9f12-b4985e3d454d","8125416c-0a36-4f70-9f12-b4985e3d454d.png","True","E:\SteamLibrary\steamapps\common\Scrap Mechanic\Survival\Terrain\Tiles\meadow\Meadow_64(1111)_08.tile","E:\SteamLibrary\steamapps\common\Scrap Mechanic\Survival\Terrain\Tiles\meadow\Meadow_64(1111)_08.tileson","meadow","True"
"Meadow_64(1111)_09.tile","824ba160-f53a-4e24-b8a5-8e8315463d64","824ba160-f53a-4e24-b8a5-8e8315463d64.png","True","E:\SteamLibrary\steamapps\common\Scrap Mechanic\Survival\Terrain\Tiles\meadow\Meadow_64(1111)_09.tile","E:\SteamLibrary\steamapps\common\Scrap Mechanic\Survival\Terrain\Tiles\meadow\Meadow_64(1111)_09.tileson","meadow","True"
"Meadow_64(1111)_10.tile","b10a5b8b-191a-4a01-8306-e8f5bf773776","b10a5b8b-191a-4a01-8306-e8f5bf773776.png","True","E:\SteamLibrary\steamapps\common\Scrap Mechanic\Survival\Terrain\Tiles\meadow\Meadow_64(1111)_10.tile","E:\SteamLibrary\steamapps\common\Scrap Mechanic\Survival\Terrain\Tiles\meadow\Meadow_64(1111)_10.tileson","meadow","True"
"Meadow_64(1111)_11.tile","4dc65480-af75-4ffe-8409-a480f7fbe353","4dc65480-af75-4ffe-8409-a480f7fbe353.png","True","E:\SteamLibrary\steamapps\common\Scrap Mechanic\Survival\Terrain\Tiles\meadow\Meadow_64(1111)_11.tile","E:\SteamLibrary\steamapps\common\Scrap Mechanic\Survival\Terrain\Tiles\meadow\Meadow_64(1111)_11.tileson","meadow","True"
"Meadow_64(1111)_12.tile","e655b09b-5bb4-48c4-8dad-a06a7ae7662f","e655b09b-5bb4-48c4-8dad-a06a7ae7662f.png","True","E:\SteamLibrary\steamapps\common\Scrap Mechanic\Survival\Terrain\Tiles\meadow\Meadow_64(1111)_12.tile","E:\SteamLibrary\steamapps\common\Scrap Mechanic\Survival\Terrain\Tiles\meadow\Meadow_64(1111)_12.tileson","meadow","True"
"Meadow_64(1111)_13.tile","84164a93-6e6b-4b57-b800-7b13fc40f1bd","84164a93-6e6b-4b57-b800-7b13fc40f1bd.png","True","E:\SteamLibrary\steamapps\common\Scrap Mechanic\Survival\Terrain\Tiles\meadow\Meadow_64(1111)_13.tile","E:\SteamLibrary\steamapps\common\Scrap Mechanic\Survival\Terrain\Tiles\meadow\Meadow_64(1111)_13.tileson","meadow","True"
"Meadow_64(1111)_14.tile","c01b5dfd-7ed5-45a9-9cf4-c3a31d6a6500","c01b5dfd-7ed5-45a9-9cf4-c3a31d6a6500.png","True","E:\SteamLibrary\steamapps\common\Scrap Mechanic\Survival\Terrain\Tiles\meadow\Meadow_64(1111)_14.tile","E:\SteamLibrary\steamapps\common\Scrap Mechanic\Survival\Terrain\Tiles\meadow\Meadow_64(1111)_14.tileson","meadow","True"
"Meadow_64(1111)_15.tile","e5ee76f1-a961-45d2-9be8-06102bb73df5","e5ee76f1-a961-45d2-9be8-06102bb73df5.png","True","E:\SteamLibrary\steamapps\common\Scrap Mechanic\Survival\Terrain\Tiles\meadow\Meadow_64(1111)_15.tile","E:\SteamLibrary\steamapps\common\Scrap Mechanic\Survival\Terrain\Tiles\meadow\Meadow_64(1111)_15.tileson","meadow","True"
"Meadow_64(1111)_16.tile","75a4f42b-125b-4bfb-84dd-88719566463c","75a4f42b-125b-4bfb-84dd-88719566463c.png","True","E:\SteamLibrary\steamapps\common\Scrap Mechanic\Survival\Terrain\Tiles\meadow\Meadow_64(1111)_16.tile","E:\SteamLibrary\steamapps\common\Scrap Mechanic\Survival\Terrain\Tiles\meadow\Meadow_64(1111)_16.tileson","meadow","True"
"Meadow_64(1111)_17.tile","d412a124-2f0a-4382-a300-1eff6b2afbcd","d412a124-2f0a-4382-a300-1eff6b2afbcd.png","True","E:\SteamLibrary\steamapps\common\Scrap Mechanic\Survival\Terrain\Tiles\meadow\Meadow_64(1111)_17.tile","E:\SteamLibrary\steamapps\common\Scrap Mechanic\Survival\Terrain\Tiles\meadow\Meadow_64(1111)_17.tileson","meadow","True"
"Meadow_64(1111)_18.tile","9ebead52-4aa7-452c-9d59-ff4c21e53c31","9ebead52-4aa7-452c-9d59-ff4c21e53c31.png","True","E:\SteamLibrary\steamapps\common\Scrap Mechanic\Survival\Terrain\Tiles\meadow\Meadow_64(1111)_18.tile","E:\SteamLibrary\steamapps\common\Scrap Mechanic\Survival\Terrain\Tiles\meadow\Meadow_64(1111)_18.tileson","meadow","True"
"Meadow_64(1111)_19.tile","873c07a4-52bb-424c-b3fc-909d5b52cfce","873c07a4-52bb-424c-b3fc-909d5b52cfce.png","True","E:\SteamLibrary\steamapps\common\Scrap Mechanic\Survival\Terrain\Tiles\meadow\Meadow_64(1111)_19.tile","E:\SteamLibrary\steamapps\common\Scrap Mechanic\Survival\Terrain\Tiles\meadow\Meadow_64(1111)_19.tileson","meadow","True"
"Meadow_64(1111)_20.tile","9bc96916-f3bf-4ab7-8b5d-d46f11f4a13b","9bc96916-f3bf-4ab7-8b5d-d46f11f4a13b.png","True","E:\SteamLibrary\steamapps\common\Scrap Mechanic\Survival\Terrain\Tiles\meadow\Meadow_64(1111)_20.tile","E:\SteamLibrary\steamapps\common\Scrap Mechanic\Survival\Terrain\Tiles\meadow\Meadow_64(1111)_20.tileson","meadow","True"
"Meadow_64(1111)_21.tile","af025eab-cc5d-4c12-8038-38bdcfaac05b","af025eab-cc5d-4c12-8038-38bdcfaac05b.png","True","E:\SteamLibrary\steamapps\common\Scrap Mechanic\Survival\Terrain\Tiles\meadow\Meadow_64(1111)_21.tile","E:\SteamLibrary\steamapps\common\Scrap Mechanic\Survival\Terrain\Tiles\meadow\Meadow_64(1111)_21.tileson","meadow","True"
"Meadow_64(1111)_22.tile","12f12d96-cdc3-4f9b-b94b-907252e21adf","12f12d96-cdc3-4f9b-b94b-907252e21adf.png","True","E:\SteamLibrary\steamapps\common\Scrap Mechanic\Survival\Terrain\Tiles\meadow\Meadow_64(1111)_22.tile","E:\SteamLibrary\steamapps\common\Scrap Mechanic\Survival\Terrain\Tiles\meadow\Meadow_64(1111)_22.tileson","meadow","True"
"Meadow_64(1111)_23.tile","537c11d8-19c6-442a-862c-516235a904f1","537c11d8-19c6-442a-862c-516235a904f1.png","True","E:\SteamLibrary\steamapps\common\Scrap Mechanic\Survival\Terrain\Tiles\meadow\Meadow_64(1111)_23.tile","E:\SteamLibrary\steamapps\common\Scrap Mechanic\Survival\Terrain\Tiles\meadow\Meadow_64(1111)_23.tileson","meadow","True"
"Meadow_64(1111)_24.tile","dd9e4f9c-8a0c-4bc4-aae9-dc2ae2d1a833","dd9e4f9c-8a0c-4bc4-aae9-dc2ae2d1a833.png","True","E:\SteamLibrary\steamapps\common\Scrap Mechanic\Survival\Terrain\Tiles\meadow\Meadow_64(1111)_24.tile","E:\SteamLibrary\steamapps\common\Scrap Mechanic\Survival\Terrain\Tiles\meadow\Meadow_64(1111)_24.tileson","meadow","True"
"Meadow_64(1111)_25.tile","068c2c7b-73ed-41ca-b2fe-eccdfb65b188","068c2c7b-73ed-41ca-b2fe-eccdfb65b188.png","True","E:\SteamLibrary\steamapps\common\Scrap Mechanic\Survival\Terrain\Tiles\meadow\Meadow_64(1111)_25.tile","E:\SteamLibrary\steamapps\common\Scrap Mechanic\Survival\Terrain\Tiles\meadow\Meadow_64(1111)_25.tileson","meadow","True"
"Meadow_64(1111)_26.tile","f7d64431-ed33-4252-b48c-5c7d4d015553","f7d64431-ed33-4252-b48c-5c7d4d015553.png","True","E:\SteamLibrary\steamapps\common\Scrap Mechanic\Survival\Terrain\Tiles\meadow\Meadow_64(1111)_26.tile","E:\SteamLibrary\steamapps\common\Scrap Mechanic\Survival\Terrain\Tiles\meadow\Meadow_64(1111)_26.tileson","meadow","True"
"Meadow_64(1111)_27.tile","d6ffe170-c906-494a-b3be-16f0c528165e","d6ffe170-c906-494a-b3be-16f0c528165e.png","True","E:\SteamLibrary\steamapps\common\Scrap Mechanic\Survival\Terrain\Tiles\meadow\Meadow_64(1111)_27.tile","E:\SteamLibrary\steamapps\common\Scrap Mechanic\Survival\Terrain\Tiles\meadow\Meadow_64(1111)_27.tileson","meadow","True"
"Meadow_64(1111)_28.tile","06c6aa9a-348e-4686-b77c-a490dfe0c180","06c6aa9a-348e-4686-b77c-a490dfe0c180.png","True","E:\SteamLibrary\steamapps\common\Scrap Mechanic\Survival\Terrain\Tiles\meadow\Meadow_64(1111)_28.tile","E:\SteamLibrary\steamapps\common\Scrap Mechanic\Survival\Terrain\Tiles\meadow\Meadow_64(1111)_28.tileson","meadow","True"
"Meadow_64(1111)_29.tile","98b27f67-ddb3-4b9f-9cb6-f1d99c03dcb7","98b27f67-ddb3-4b9f-9cb6-f1d99c03dcb7.png","True","E:\SteamLibrary\steamapps\common\Scrap Mechanic\Survival\Terrain\Tiles\meadow\Meadow_64(1111)_29.tile","E:\SteamLibrary\steamapps\common\Scrap Mechanic\Survival\Terrain\Tiles\meadow\Meadow_64(1111)_29.tileson","meadow","True"
"BunkInvestigationQuest_128_01.tile","3ffa9284-021e-4679-8c61-6c35b04361f4","3ffa9284-021e-4679-8c61-6c35b04361f4.png","True","E:\SteamLibrary\steamapps\common\Scrap Mechanic\Survival\Terrain\Tiles\poi\BunkInvestigationQuest_128_01.tile","E:\SteamLibrary\steamapps\common\Scrap Mechanic\Survival\Terrain\Tiles\poi\BunkInvestigationQuest_128_01.tileson","poi","True"
"CampingSpot_AutumnForest_64_01.tile","16a6315e-897a-4186-abe9-cdf83470757a","16a6315e-897a-4186-abe9-cdf83470757a.png","True","E:\SteamLibrary\steamapps\common\Scrap Mechanic\Survival\Terrain\Tiles\poi\CampingSpot_AutumnForest_64_01.tile","E:\SteamLibrary\steamapps\common\Scrap Mechanic\Survival\Terrain\Tiles\poi\CampingSpot_AutumnForest_64_01.tileson","poi","True"
"CampingSpot_AutumnForest_64_02.tile","05b6d448-59fa-4abd-8986-5e331eb49af1","05b6d448-59fa-4abd-8986-5e331eb49af1.png","True","E:\SteamLibrary\steamapps\common\Scrap Mechanic\Survival\Terrain\Tiles\poi\CampingSpot_AutumnForest_64_02.tile","E:\SteamLibrary\steamapps\common\Scrap Mechanic\Survival\Terrain\Tiles\poi\CampingSpot_AutumnForest_64_02.tileson","poi","True"
"CampingSpot_AutumnForest_64_03.tile","9b11721e-3df5-438e-92a3-9ce08c5a8e84","9b11721e-3df5-438e-92a3-9ce08c5a8e84.png","True","E:\SteamLibrary\steamapps\common\Scrap Mechanic\Survival\Terrain\Tiles\poi\CampingSpot_AutumnForest_64_03.tile","E:\SteamLibrary\steamapps\common\Scrap Mechanic\Survival\Terrain\Tiles\poi\CampingSpot_AutumnForest_64_03.tileson","poi","True"
"CampingSpot_BurntForest_64_01.tile","0556fb22-cacc-4402-8d7c-6cfd6f5d39ce","0556fb22-cacc-4402-8d7c-6cfd6f5d39ce.png","True","E:\SteamLibrary\steamapps\common\Scrap Mechanic\Survival\Terrain\Tiles\poi\CampingSpot_BurntForest_64_01.tile","E:\SteamLibrary\steamapps\common\Scrap Mechanic\Survival\Terrain\Tiles\poi\CampingSpot_BurntForest_64_01.tileson","poi","True"
"CampingSpot_Forest_64_01.tile","afa0fd48-9c11-43c0-8519-def13c56eb7f","afa0fd48-9c11-43c0-8519-def13c56eb7f.png","True","E:\SteamLibrary\steamapps\common\Scrap Mechanic\Survival\Terrain\Tiles\poi\CampingSpot_Forest_64_01.tile","E:\SteamLibrary\steamapps\common\Scrap Mechanic\Survival\Terrain\Tiles\poi\CampingSpot_Forest_64_01.tileson","poi","True"
"CampingSpot_Forest_64_02.tile","bfd3e6e5-bd62-4bb9-8ab5-a12d2d44ffa3","bfd3e6e5-bd62-4bb9-8ab5-a12d2d44ffa3.png","True","E:\SteamLibrary\steamapps\common\Scrap Mechanic\Survival\Terrain\Tiles\poi\CampingSpot_Forest_64_02.tile","E:\SteamLibrary\steamapps\common\Scrap Mechanic\Survival\Terrain\Tiles\poi\CampingSpot_Forest_64_02.tileson","poi","True"
"CampingSpot_Forest_64_03.tile","2cc399c0-7f60-4737-8ce9-dfebe1cff997","2cc399c0-7f60-4737-8ce9-dfebe1cff997.png","True","E:\SteamLibrary\steamapps\common\Scrap Mechanic\Survival\Terrain\Tiles\poi\CampingSpot_Forest_64_03.tile","E:\SteamLibrary\steamapps\common\Scrap Mechanic\Survival\Terrain\Tiles\poi\CampingSpot_Forest_64_03.tileson","poi","True"
"CampingSpot_Forest_64_04.tile","2baccd93-fb01-49ba-bbce-f26bd6bba53c","2baccd93-fb01-49ba-bbce-f26bd6bba53c.png","True","E:\SteamLibrary\steamapps\common\Scrap Mechanic\Survival\Terrain\Tiles\poi\CampingSpot_Forest_64_04.tile","E:\SteamLibrary\steamapps\common\Scrap Mechanic\Survival\Terrain\Tiles\poi\CampingSpot_Forest_64_04.tileson","poi","True"
"CampingSpot_Forest_64_05.tile","f7862697-5c60-412d-8508-2e37e8ec7d16","f7862697-5c60-412d-8508-2e37e8ec7d16.png","True","E:\SteamLibrary\steamapps\common\Scrap Mechanic\Survival\Terrain\Tiles\poi\CampingSpot_Forest_64_05.tile","E:\SteamLibrary\steamapps\common\Scrap Mechanic\Survival\Terrain\Tiles\poi\CampingSpot_Forest_64_05.tileson","poi","True"
"CampingSpot_Forest_64_06.tile","150b28d3-2c48-40b8-a657-907629c63637","150b28d3-2c48-40b8-a657-907629c63637.png","True","E:\SteamLibrary\steamapps\common\Scrap Mechanic\Survival\Terrain\Tiles\poi\CampingSpot_Forest_64_06.tile","E:\SteamLibrary\steamapps\common\Scrap Mechanic\Survival\Terrain\Tiles\poi\CampingSpot_Forest_64_06.tileson","poi","True"
"CampingSpot_Forest_64_07.tile","139ff089-19e7-4c65-b02e-0bcdb30e4600","139ff089-19e7-4c65-b02e-0bcdb30e4600.png","True","E:\SteamLibrary\steamapps\common\Scrap Mechanic\Survival\Terrain\Tiles\poi\CampingSpot_Forest_64_07.tile","E:\SteamLibrary\steamapps\common\Scrap Mechanic\Survival\Terrain\Tiles\poi\CampingSpot_Forest_64_07.tileson","poi","True"
"CampingSpot_Meadow_64_01.tile","e4fbd2dd-6d4a-4bfa-a311-6ae40fdd0f64","e4fbd2dd-6d4a-4bfa-a311-6ae40fdd0f64.png","True","E:\SteamLibrary\steamapps\common\Scrap Mechanic\Survival\Terrain\Tiles\poi\CampingSpot_Meadow_64_01.tile","E:\SteamLibrary\steamapps\common\Scrap Mechanic\Survival\Terrain\Tiles\poi\CampingSpot_Meadow_64_01.tileson","poi","True"
"CampingSpot_Meadow_64_02.tile","75adfa70-b50e-428e-a035-580091009aee","75adfa70-b50e-428e-a035-580091009aee.png","True","E:\SteamLibrary\steamapps\common\Scrap Mechanic\Survival\Terrain\Tiles\poi\CampingSpot_Meadow_64_02.tile","E:\SteamLibrary\steamapps\common\Scrap Mechanic\Survival\Terrain\Tiles\poi\CampingSpot_Meadow_64_02.tileson","poi","True"
"CampingSpot_Meadow_64_03.tile","adc981bf-6a97-4c97-a303-b0066ccea342","adc981bf-6a97-4c97-a303-b0066ccea342.png","True","E:\SteamLibrary\steamapps\common\Scrap Mechanic\Survival\Terrain\Tiles\poi\CampingSpot_Meadow_64_03.tile","E:\SteamLibrary\steamapps\common\Scrap Mechanic\Survival\Terrain\Tiles\poi\CampingSpot_Meadow_64_03.tileson","poi","True"
"CampingSpot_Meadow_64_04.tile","ddc41612-20f3-484e-b7eb-c0d510d190be","ddc41612-20f3-484e-b7eb-c0d510d190be.png","True","E:\SteamLibrary\steamapps\common\Scrap Mechanic\Survival\Terrain\Tiles\poi\CampingSpot_Meadow_64_04.tile","E:\SteamLibrary\steamapps\common\Scrap Mechanic\Survival\Terrain\Tiles\poi\CampingSpot_Meadow_64_04.tileson","poi","True"
"CampingSpot_WaterFront_256_01.tile","33f54ce4-2287-4d9c-a5b1-a62eeca38127","33f54ce4-2287-4d9c-a5b1-a62eeca38127.png","True","E:\SteamLibrary\steamapps\common\Scrap Mechanic\Survival\Terrain\Tiles\poi\CampingSpot_WaterFront_256_01.tile","E:\SteamLibrary\steamapps\common\Scrap Mechanic\Survival\Terrain\Tiles\poi\CampingSpot_WaterFront_256_01.tileson","poi","True"
"ChemicalLake_128_01.tile","e7703a66-88a4-44c3-b99d-b22b8418c28b","e7703a66-88a4-44c3-b99d-b22b8418c28b.png","True","E:\SteamLibrary\steamapps\common\Scrap Mechanic\Survival\Terrain\Tiles\poi\ChemicalLake_128_01.tile","E:\SteamLibrary\steamapps\common\Scrap Mechanic\Survival\Terrain\Tiles\poi\ChemicalLake_128_01.tileson","poi","True"
"ChemicalLake_128_02.tile","b0355ca4-2aec-4a08-8a4a-ac5ea8542055","b0355ca4-2aec-4a08-8a4a-ac5ea8542055.png","True","E:\SteamLibrary\steamapps\common\Scrap Mechanic\Survival\Terrain\Tiles\poi\ChemicalLake_128_02.tile","E:\SteamLibrary\steamapps\common\Scrap Mechanic\Survival\Terrain\Tiles\poi\ChemicalLake_128_02.tileson","poi","True"
"ChemicalLake_128_03.tile","4df0a671-7c8c-4db7-9a6d-3be6e987731e","4df0a671-7c8c-4db7-9a6d-3be6e987731e.png","True","E:\SteamLibrary\steamapps\common\Scrap Mechanic\Survival\Terrain\Tiles\poi\ChemicalLake_128_03.tile","E:\SteamLibrary\steamapps\common\Scrap Mechanic\Survival\Terrain\Tiles\poi\ChemicalLake_128_03.tileson","poi","True"
"ChemicalPlant_Field_64_01.tile","61e5f92c-54eb-478f-943b-38a32348c713","61e5f92c-54eb-478f-943b-38a32348c713.png","True","E:\SteamLibrary\steamapps\common\Scrap Mechanic\Survival\Terrain\Tiles\poi\ChemicalPlant_Field_64_01.tile","E:\SteamLibrary\steamapps\common\Scrap Mechanic\Survival\Terrain\Tiles\poi\ChemicalPlant_Field_64_01.tileson","poi","True"
"ChemicalPlant_Forest_64_01.tile","9755ee40-7f23-4380-8a63-8055060fd18b","9755ee40-7f23-4380-8a63-8055060fd18b.png","True","E:\SteamLibrary\steamapps\common\Scrap Mechanic\Survival\Terrain\Tiles\poi\ChemicalPlant_Forest_64_01.tile","E:\SteamLibrary\steamapps\common\Scrap Mechanic\Survival\Terrain\Tiles\poi\ChemicalPlant_Forest_64_01.tileson","poi","True"
"ChemicalPlant_Road_64_01.tile","013e980d-2425-4275-9c4b-c0eee0dba7f1","013e980d-2425-4275-9c4b-c0eee0dba7f1.png","True","E:\SteamLibrary\steamapps\common\Scrap Mechanic\Survival\Terrain\Tiles\poi\ChemicalPlant_Road_64_01.tile","E:\SteamLibrary\steamapps\common\Scrap Mechanic\Survival\Terrain\Tiles\poi\ChemicalPlant_Road_64_01.tileson","poi","True"
"CrashedShip_256_01.tile","7736cd40-0adf-459b-8ffc-d0fa4caa5f59","7736cd40-0adf-459b-8ffc-d0fa4caa5f59.png","True","E:\SteamLibrary\steamapps\common\Scrap Mechanic\Survival\Terrain\Tiles\poi\CrashedShip_256_01.tile","E:\SteamLibrary\steamapps\common\Scrap Mechanic\Survival\Terrain\Tiles\poi\CrashedShip_256_01.tileson","poi","True"
"FarmbotGraveyard_256_01.tile","25b787f7-f1f0-4191-985e-0cbbc22821c8","25b787f7-f1f0-4191-985e-0cbbc22821c8.png","True","E:\SteamLibrary\steamapps\common\Scrap Mechanic\Survival\Terrain\Tiles\poi\FarmbotGraveyard_256_01.tile","E:\SteamLibrary\steamapps\common\Scrap Mechanic\Survival\Terrain\Tiles\poi\FarmbotGraveyard_256_01.tileson","poi","True"
"FarmbotGraveyard_256_02.tile","f245182c-5f04-462a-b58f-258ec9ad6992","f245182c-5f04-462a-b58f-258ec9ad6992.png","True","E:\SteamLibrary\steamapps\common\Scrap Mechanic\Survival\Terrain\Tiles\poi\FarmbotGraveyard_256_02.tile","E:\SteamLibrary\steamapps\common\Scrap Mechanic\Survival\Terrain\Tiles\poi\FarmbotGraveyard_256_02.tileson","poi","True"
"FarmingPatch_64_01.tile","761f7dca-1931-4efc-ad90-22c970ce9ce4","761f7dca-1931-4efc-ad90-22c970ce9ce4.png","True","E:\SteamLibrary\steamapps\common\Scrap Mechanic\Survival\Terrain\Tiles\poi\FarmingPatch_64_01.tile","E:\SteamLibrary\steamapps\common\Scrap Mechanic\Survival\Terrain\Tiles\poi\FarmingPatch_64_01.tileson","poi","True"
"FarmingPatch_64_02.tile","52e21267-288f-483f-acd9-9e5e84adc4e7","52e21267-288f-483f-acd9-9e5e84adc4e7.png","True","E:\SteamLibrary\steamapps\common\Scrap Mechanic\Survival\Terrain\Tiles\poi\FarmingPatch_64_02.tile","E:\SteamLibrary\steamapps\common\Scrap Mechanic\Survival\Terrain\Tiles\poi\FarmingPatch_64_02.tileson","poi","True"
"FarmingPatch_64_03.tile","8a2d4fa6-d97a-46e8-b7de-198b9eb54353","8a2d4fa6-d97a-46e8-b7de-198b9eb54353.png","True","E:\SteamLibrary\steamapps\common\Scrap Mechanic\Survival\Terrain\Tiles\poi\FarmingPatch_64_03.tile","E:\SteamLibrary\steamapps\common\Scrap Mechanic\Survival\Terrain\Tiles\poi\FarmingPatch_64_03.tileson","poi","True"
"HayBaleLabyrinth_128_01.tile","c63fd690-594e-4398-9668-84c9c5527df5","c63fd690-594e-4398-9668-84c9c5527df5.png","True","E:\SteamLibrary\steamapps\common\Scrap Mechanic\Survival\Terrain\Tiles\poi\HayBaleLabyrinth_128_01.tile","E:\SteamLibrary\steamapps\common\Scrap Mechanic\Survival\Terrain\Tiles\poi\HayBaleLabyrinth_128_01.tileson","poi","True"
"HayBaleLabyrinth_128_01_NEW.tile","2510a9a4-cef5-4888-b5b8-ecfcdf042c6d","2510a9a4-cef5-4888-b5b8-ecfcdf042c6d.png","True","E:\SteamLibrary\steamapps\common\Scrap Mechanic\Survival\Terrain\Tiles\poi\HayBaleLabyrinth_128_01_NEW.tile","E:\SteamLibrary\steamapps\common\Scrap Mechanic\Survival\Terrain\Tiles\poi\HayBaleLabyrinth_128_01_NEW.tileson","poi","True"
"Hideout_512_01.tile","7d7556b3-0dc7-4b95-9d92-731013b19fc0","7d7556b3-0dc7-4b95-9d92-731013b19fc0.png","True","E:\SteamLibrary\steamapps\common\Scrap Mechanic\Survival\Terrain\Tiles\poi\Hideout_512_01.tile","E:\SteamLibrary\steamapps\common\Scrap Mechanic\Survival\Terrain\Tiles\poi\Hideout_512_01.tileson","poi","True"
"Kiosk_64_01.tile","5174bec6-0c87-4a03-abfd-21e88c3d1e8a","5174bec6-0c87-4a03-abfd-21e88c3d1e8a.png","True","E:\SteamLibrary\steamapps\common\Scrap Mechanic\Survival\Terrain\Tiles\poi\Kiosk_64_01.tile","E:\SteamLibrary\steamapps\common\Scrap Mechanic\Survival\Terrain\Tiles\poi\Kiosk_64_01.tileson","poi","True"
"Kiosk_64_02.tile","69c5db97-2452-4f95-9ec0-573721249137","69c5db97-2452-4f95-9ec0-573721249137.png","True","E:\SteamLibrary\steamapps\common\Scrap Mechanic\Survival\Terrain\Tiles\poi\Kiosk_64_02.tile","E:\SteamLibrary\steamapps\common\Scrap Mechanic\Survival\Terrain\Tiles\poi\Kiosk_64_02.tileson","poi","True"
"Kiosk_64_03.tile","cdaaf827-67c2-4e24-b7a0-6daf2dbd9d30","cdaaf827-67c2-4e24-b7a0-6daf2dbd9d30.png","True","E:\SteamLibrary\steamapps\common\Scrap Mechanic\Survival\Terrain\Tiles\poi\Kiosk_64_03.tile","E:\SteamLibrary\steamapps\common\Scrap Mechanic\Survival\Terrain\Tiles\poi\Kiosk_64_03.tileson","poi","True"
"Kiosk_Desert_64_01.tile","a0be1f82-5a6c-4dc6-8a38-c09fbb63c002","a0be1f82-5a6c-4dc6-8a38-c09fbb63c002.png","True","E:\SteamLibrary\steamapps\common\Scrap Mechanic\Survival\Terrain\Tiles\poi\Kiosk_Desert_64_01.tile","E:\SteamLibrary\steamapps\common\Scrap Mechanic\Survival\Terrain\Tiles\poi\Kiosk_Desert_64_01.tileson","poi","True"
"Kiosk_Forest_64_01.tile","fd3351f8-9af6-4c58-933d-48185fe2c151","fd3351f8-9af6-4c58-933d-48185fe2c151.png","True","E:\SteamLibrary\steamapps\common\Scrap Mechanic\Survival\Terrain\Tiles\poi\Kiosk_Forest_64_01.tile","E:\SteamLibrary\steamapps\common\Scrap Mechanic\Survival\Terrain\Tiles\poi\Kiosk_Forest_64_01.tileson","poi","True"
"MechanicStation_128_01.tile","2c36976b-e008-408c-a5b5-1baaaf01df04","2c36976b-e008-408c-a5b5-1baaaf01df04.png","True","E:\SteamLibrary\steamapps\common\Scrap Mechanic\Survival\Terrain\Tiles\poi\MechanicStation_128_01.tile","E:\SteamLibrary\steamapps\common\Scrap Mechanic\Survival\Terrain\Tiles\poi\MechanicStation_128_01.tileson","poi","True"
"OilLake_Desert_128_01.tile","c60fb408-5ca6-45eb-98d0-dc9a05ed7a66","c60fb408-5ca6-45eb-98d0-dc9a05ed7a66.png","True","E:\SteamLibrary\steamapps\common\Scrap Mechanic\Survival\Terrain\Tiles\poi\OilLake_Desert_128_01.tile","E:\SteamLibrary\steamapps\common\Scrap Mechanic\Survival\Terrain\Tiles\poi\OilLake_Desert_128_01.tileson","poi","True"
"OilPool_Desert_64_01.tile","84b61087-2a16-41ee-b23f-56aa4ff5d056","84b61087-2a16-41ee-b23f-56aa4ff5d056.png","True","E:\SteamLibrary\steamapps\common\Scrap Mechanic\Survival\Terrain\Tiles\poi\OilPool_Desert_64_01.tile","E:\SteamLibrary\steamapps\common\Scrap Mechanic\Survival\Terrain\Tiles\poi\OilPool_Desert_64_01.tileson","poi","True"
"OilPool_Desert_64_02.tile","465b42d9-4db1-4b10-925b-8d517ad37edb","465b42d9-4db1-4b10-925b-8d517ad37edb.png","True","E:\SteamLibrary\steamapps\common\Scrap Mechanic\Survival\Terrain\Tiles\poi\OilPool_Desert_64_02.tile","E:\SteamLibrary\steamapps\common\Scrap Mechanic\Survival\Terrain\Tiles\poi\OilPool_Desert_64_02.tileson","poi","True"
"PackingStation_Fruit_128_01.tile","9f3b2d02-a1b2-4717-99b8-83cae87bcb7c","9f3b2d02-a1b2-4717-99b8-83cae87bcb7c.png","True","E:\SteamLibrary\steamapps\common\Scrap Mechanic\Survival\Terrain\Tiles\poi\PackingStation_Fruit_128_01.tile","E:\SteamLibrary\steamapps\common\Scrap Mechanic\Survival\Terrain\Tiles\poi\PackingStation_Fruit_128_01.tileson","poi","True"
"PackingStation_Vegetable_128_01.tile","f3dda4db-8450-4e9d-a501-ec6dbf14a78a","f3dda4db-8450-4e9d-a501-ec6dbf14a78a.png","True","E:\SteamLibrary\steamapps\common\Scrap Mechanic\Survival\Terrain\Tiles\poi\PackingStation_Vegetable_128_01.tile","E:\SteamLibrary\steamapps\common\Scrap Mechanic\Survival\Terrain\Tiles\poi\PackingStation_Vegetable_128_01.tileson","poi","True"
"Random_Desert_64_01.tile","2ce743d8-8466-4e7e-b1a8-0385617b2549","2ce743d8-8466-4e7e-b1a8-0385617b2549.png","True","E:\SteamLibrary\steamapps\common\Scrap Mechanic\Survival\Terrain\Tiles\poi\Random_Desert_64_01.tile","E:\SteamLibrary\steamapps\common\Scrap Mechanic\Survival\Terrain\Tiles\poi\Random_Desert_64_01.tileson","poi","True"
"Random_Desert_64_01_NEW.tile","8ff1b531-0988-437b-b261-c002dd6e69fc","8ff1b531-0988-437b-b261-c002dd6e69fc.png","True","E:\SteamLibrary\steamapps\common\Scrap Mechanic\Survival\Terrain\Tiles\poi\Random_Desert_64_01_NEW.tile","E:\SteamLibrary\steamapps\common\Scrap Mechanic\Survival\Terrain\Tiles\poi\Random_Desert_64_01_NEW.tileson","poi","True"
"Random_Desert_64_02.tile","28573376-d18d-4f60-a595-e9b27b41cebd","28573376-d18d-4f60-a595-e9b27b41cebd.png","True","E:\SteamLibrary\steamapps\common\Scrap Mechanic\Survival\Terrain\Tiles\poi\Random_Desert_64_02.tile","E:\SteamLibrary\steamapps\common\Scrap Mechanic\Survival\Terrain\Tiles\poi\Random_Desert_64_02.tileson","poi","True"
"Random_Desert_64_02_NEW.tile","6a36603f-c0b0-4a23-98c5-6c4df4a1f254","6a36603f-c0b0-4a23-98c5-6c4df4a1f254.png","True","E:\SteamLibrary\steamapps\common\Scrap Mechanic\Survival\Terrain\Tiles\poi\Random_Desert_64_02_NEW.tile","E:\SteamLibrary\steamapps\common\Scrap Mechanic\Survival\Terrain\Tiles\poi\Random_Desert_64_02_NEW.tileson","poi","True"
"Random_Field_64_01.tile","2eb07292-e901-4c84-add5-78130abb32ef","2eb07292-e901-4c84-add5-78130abb32ef.png","True","E:\SteamLibrary\steamapps\common\Scrap Mechanic\Survival\Terrain\Tiles\poi\Random_Field_64_01.tile","E:\SteamLibrary\steamapps\common\Scrap Mechanic\Survival\Terrain\Tiles\poi\Random_Field_64_01.tileson","poi","True"
"Random_Field_64_02.tile","3d64303d-2a54-40b1-a7f4-57382403b2c1","3d64303d-2a54-40b1-a7f4-57382403b2c1.png","True","E:\SteamLibrary\steamapps\common\Scrap Mechanic\Survival\Terrain\Tiles\poi\Random_Field_64_02.tile","E:\SteamLibrary\steamapps\common\Scrap Mechanic\Survival\Terrain\Tiles\poi\Random_Field_64_02.tileson","poi","True"
"Random_Field_64_03.tile","3f72fa10-2b48-4a1a-ac65-33d481ce3785","3f72fa10-2b48-4a1a-ac65-33d481ce3785.png","True","E:\SteamLibrary\steamapps\common\Scrap Mechanic\Survival\Terrain\Tiles\poi\Random_Field_64_03.tile","E:\SteamLibrary\steamapps\common\Scrap Mechanic\Survival\Terrain\Tiles\poi\Random_Field_64_03.tileson","poi","True"
"Random_Forest_128_01.tile","910e80a5-294d-41a0-930e-6887a6cab9cf","910e80a5-294d-41a0-930e-6887a6cab9cf.png","True","E:\SteamLibrary\steamapps\common\Scrap Mechanic\Survival\Terrain\Tiles\poi\Random_Forest_128_01.tile","E:\SteamLibrary\steamapps\common\Scrap Mechanic\Survival\Terrain\Tiles\poi\Random_Forest_128_01.tileson","poi","True"
"Random_Forest_64_01.tile","ba690f45-5e28-42c6-b539-68a5a91303a9","ba690f45-5e28-42c6-b539-68a5a91303a9.png","True","E:\SteamLibrary\steamapps\common\Scrap Mechanic\Survival\Terrain\Tiles\poi\Random_Forest_64_01.tile","E:\SteamLibrary\steamapps\common\Scrap Mechanic\Survival\Terrain\Tiles\poi\Random_Forest_64_01.tileson","poi","True"
"Random_Forest_64_02.tile","ae4cc1ea-6407-4baa-a353-620ee1600306","ae4cc1ea-6407-4baa-a353-620ee1600306.png","True","E:\SteamLibrary\steamapps\common\Scrap Mechanic\Survival\Terrain\Tiles\poi\Random_Forest_64_02.tile","E:\SteamLibrary\steamapps\common\Scrap Mechanic\Survival\Terrain\Tiles\poi\Random_Forest_64_02.tileson","poi","True"
"Random_Forest_64_03.tile","6c103a80-f200-46e3-abb8-2857c36f27cb","6c103a80-f200-46e3-abb8-2857c36f27cb.png","True","E:\SteamLibrary\steamapps\common\Scrap Mechanic\Survival\Terrain\Tiles\poi\Random_Forest_64_03.tile","E:\SteamLibrary\steamapps\common\Scrap Mechanic\Survival\Terrain\Tiles\poi\Random_Forest_64_03.tileson","poi","True"
"Random_Forest_64_04.tile","4efb5dcb-6f39-4648-af7c-26433cb31a18","4efb5dcb-6f39-4648-af7c-26433cb31a18.png","True","E:\SteamLibrary\steamapps\common\Scrap Mechanic\Survival\Terrain\Tiles\poi\Random_Forest_64_04.tile","E:\SteamLibrary\steamapps\common\Scrap Mechanic\Survival\Terrain\Tiles\poi\Random_Forest_64_04.tileson","poi","True"
"Random_Lake_128_01.tile","0b12d848-284e-4ffb-9e1f-ddc1de9c42f0","0b12d848-284e-4ffb-9e1f-ddc1de9c42f0.png","True","E:\SteamLibrary\steamapps\common\Scrap Mechanic\Survival\Terrain\Tiles\poi\Random_Lake_128_01.tile","E:\SteamLibrary\steamapps\common\Scrap Mechanic\Survival\Terrain\Tiles\poi\Random_Lake_128_01.tileson","poi","True"
"Random_Lake_128_02.tile","f3842158-55ff-4e0e-9bdc-e4e83a4c82f6","f3842158-55ff-4e0e-9bdc-e4e83a4c82f6.png","True","E:\SteamLibrary\steamapps\common\Scrap Mechanic\Survival\Terrain\Tiles\poi\Random_Lake_128_02.tile","E:\SteamLibrary\steamapps\common\Scrap Mechanic\Survival\Terrain\Tiles\poi\Random_Lake_128_02.tileson","poi","True"
"Random_Lake_128_03.tile","53320dd6-a8f9-44f3-b39b-1b7b42bfbb7b","53320dd6-a8f9-44f3-b39b-1b7b42bfbb7b.png","True","E:\SteamLibrary\steamapps\common\Scrap Mechanic\Survival\Terrain\Tiles\poi\Random_Lake_128_03.tile","E:\SteamLibrary\steamapps\common\Scrap Mechanic\Survival\Terrain\Tiles\poi\Random_Lake_128_03.tileson","poi","True"
"Random_Lake_64_01.tile","886a58f4-305e-458b-adff-7da04b161707","886a58f4-305e-458b-adff-7da04b161707.png","True","E:\SteamLibrary\steamapps\common\Scrap Mechanic\Survival\Terrain\Tiles\poi\Random_Lake_64_01.tile","E:\SteamLibrary\steamapps\common\Scrap Mechanic\Survival\Terrain\Tiles\poi\Random_Lake_64_01.tileson","poi","True"
"Random_Lake_64_02.tile","2bd45a6c-9da7-47d3-bc06-06ae127a0f8f","2bd45a6c-9da7-47d3-bc06-06ae127a0f8f.png","True","E:\SteamLibrary\steamapps\common\Scrap Mechanic\Survival\Terrain\Tiles\poi\Random_Lake_64_02.tile","E:\SteamLibrary\steamapps\common\Scrap Mechanic\Survival\Terrain\Tiles\poi\Random_Lake_64_02.tileson","poi","True"
"Random_Lake_64_03.tile","0e74d86b-b2bb-4f57-87d7-bd51faa5242c","0e74d86b-b2bb-4f57-87d7-bd51faa5242c.png","True","E:\SteamLibrary\steamapps\common\Scrap Mechanic\Survival\Terrain\Tiles\poi\Random_Lake_64_03.tile","E:\SteamLibrary\steamapps\common\Scrap Mechanic\Survival\Terrain\Tiles\poi\Random_Lake_64_03.tileson","poi","True"
"Random_Meadow_128_01.tile","f9ea368e-9873-4c39-a3e1-7dd1cbba6cd5","f9ea368e-9873-4c39-a3e1-7dd1cbba6cd5.png","True","E:\SteamLibrary\steamapps\common\Scrap Mechanic\Survival\Terrain\Tiles\poi\Random_Meadow_128_01.tile","E:\SteamLibrary\steamapps\common\Scrap Mechanic\Survival\Terrain\Tiles\poi\Random_Meadow_128_01.tileson","poi","True"
"Random_Meadow_64_01.tile","cf65814d-3bd4-4e26-8ec1-1658202727a4","cf65814d-3bd4-4e26-8ec1-1658202727a4.png","True","E:\SteamLibrary\steamapps\common\Scrap Mechanic\Survival\Terrain\Tiles\poi\Random_Meadow_64_01.tile","E:\SteamLibrary\steamapps\common\Scrap Mechanic\Survival\Terrain\Tiles\poi\Random_Meadow_64_01.tileson","poi","True"
"Random_Meadow_64_02.tile","8d4c4773-a2e5-4fdb-b748-ebed4b8eec5e","8d4c4773-a2e5-4fdb-b748-ebed4b8eec5e.png","True","E:\SteamLibrary\steamapps\common\Scrap Mechanic\Survival\Terrain\Tiles\poi\Random_Meadow_64_02.tile","E:\SteamLibrary\steamapps\common\Scrap Mechanic\Survival\Terrain\Tiles\poi\Random_Meadow_64_02.tileson","poi","True"
"Random_Meadow_64_03.tile","5d3f7eac-7e13-4529-8627-65b3c9f8d281","5d3f7eac-7e13-4529-8627-65b3c9f8d281.png","True","E:\SteamLibrary\steamapps\common\Scrap Mechanic\Survival\Terrain\Tiles\poi\Random_Meadow_64_03.tile","E:\SteamLibrary\steamapps\common\Scrap Mechanic\Survival\Terrain\Tiles\poi\Random_Meadow_64_03.tileson","poi","True"
"Random_Meadow_64_04.tile","f31d8dd8-982a-4637-b8d8-1b333d966663","f31d8dd8-982a-4637-b8d8-1b333d966663.png","True","E:\SteamLibrary\steamapps\common\Scrap Mechanic\Survival\Terrain\Tiles\poi\Random_Meadow_64_04.tile","E:\SteamLibrary\steamapps\common\Scrap Mechanic\Survival\Terrain\Tiles\poi\Random_Meadow_64_04.tileson","poi","True"
"Random_Meadow_64_05.tile","bdd72d25-f3b8-4fb6-bb8b-a033e44223fa","bdd72d25-f3b8-4fb6-bb8b-a033e44223fa.png","True","E:\SteamLibrary\steamapps\common\Scrap Mechanic\Survival\Terrain\Tiles\poi\Random_Meadow_64_05.tile","E:\SteamLibrary\steamapps\common\Scrap Mechanic\Survival\Terrain\Tiles\poi\Random_Meadow_64_05.tileson","poi","True"
"Random_Road_64_01.tile","f3535095-b884-4596-a432-0aee1b5d742a","f3535095-b884-4596-a432-0aee1b5d742a.png","True","E:\SteamLibrary\steamapps\common\Scrap Mechanic\Survival\Terrain\Tiles\poi\Random_Road_64_01.tile","E:\SteamLibrary\steamapps\common\Scrap Mechanic\Survival\Terrain\Tiles\poi\Random_Road_64_01.tileson","poi","True"
"Random_Road_64_02.tile","7281c295-9748-496b-bc1e-6efe5f5f2541","7281c295-9748-496b-bc1e-6efe5f5f2541.png","True","E:\SteamLibrary\steamapps\common\Scrap Mechanic\Survival\Terrain\Tiles\poi\Random_Road_64_02.tile","E:\SteamLibrary\steamapps\common\Scrap Mechanic\Survival\Terrain\Tiles\poi\Random_Road_64_02.tileson","poi","True"
"Random_Road_64_03.tile","af25cff8-1700-4842-b6f8-b486558cfefc","af25cff8-1700-4842-b6f8-b486558cfefc.png","True","E:\SteamLibrary\steamapps\common\Scrap Mechanic\Survival\Terrain\Tiles\poi\Random_Road_64_03.tile","E:\SteamLibrary\steamapps\common\Scrap Mechanic\Survival\Terrain\Tiles\poi\Random_Road_64_03.tileson","poi","True"
"Random_Road_64_04.tile","ea30c62b-944a-4763-be94-454cd03fa218","ea30c62b-944a-4763-be94-454cd03fa218.png","True","E:\SteamLibrary\steamapps\common\Scrap Mechanic\Survival\Terrain\Tiles\poi\Random_Road_64_04.tile","E:\SteamLibrary\steamapps\common\Scrap Mechanic\Survival\Terrain\Tiles\poi\Random_Road_64_04.tileson","poi","True"
"Ruin_AutumnForest_64_01.tile","190ac485-1f21-4490-abdb-0fb1592ab356","190ac485-1f21-4490-abdb-0fb1592ab356.png","True","E:\SteamLibrary\steamapps\common\Scrap Mechanic\Survival\Terrain\Tiles\poi\Ruin_AutumnForest_64_01.tile","E:\SteamLibrary\steamapps\common\Scrap Mechanic\Survival\Terrain\Tiles\poi\Ruin_AutumnForest_64_01.tileson","poi","True"
"Ruin_AutumnForest_64_02.tile","dd8b2c81-c9c5-4314-a069-65fa9cea3024","dd8b2c81-c9c5-4314-a069-65fa9cea3024.png","True","E:\SteamLibrary\steamapps\common\Scrap Mechanic\Survival\Terrain\Tiles\poi\Ruin_AutumnForest_64_02.tile","E:\SteamLibrary\steamapps\common\Scrap Mechanic\Survival\Terrain\Tiles\poi\Ruin_AutumnForest_64_02.tileson","poi","True"
"Ruin_AutumnForest_64_03.tile","afe1dcc6-0894-4e95-a439-84463fc2a2e4","afe1dcc6-0894-4e95-a439-84463fc2a2e4.png","True","E:\SteamLibrary\steamapps\common\Scrap Mechanic\Survival\Terrain\Tiles\poi\Ruin_AutumnForest_64_03.tile","E:\SteamLibrary\steamapps\common\Scrap Mechanic\Survival\Terrain\Tiles\poi\Ruin_AutumnForest_64_03.tileson","poi","True"
"Ruin_BurntForest_64_01.tile","51ee58d4-5d91-4914-aa42-d35c4521a23b","51ee58d4-5d91-4914-aa42-d35c4521a23b.png","True","E:\SteamLibrary\steamapps\common\Scrap Mechanic\Survival\Terrain\Tiles\poi\Ruin_BurntForest_64_01.tile","E:\SteamLibrary\steamapps\common\Scrap Mechanic\Survival\Terrain\Tiles\poi\Ruin_BurntForest_64_01.tileson","poi","True"
"Ruin_BurntForest_64_02.tile","c3bda64c-61c7-4dec-9ae0-c6bb2b7a395d","c3bda64c-61c7-4dec-9ae0-c6bb2b7a395d.png","True","E:\SteamLibrary\steamapps\common\Scrap Mechanic\Survival\Terrain\Tiles\poi\Ruin_BurntForest_64_02.tile","E:\SteamLibrary\steamapps\common\Scrap Mechanic\Survival\Terrain\Tiles\poi\Ruin_BurntForest_64_02.tileson","poi","True"
"Ruin_BurntForest_64_03.tile","c0261f9b-a288-475a-957a-33e01e964002","c0261f9b-a288-475a-957a-33e01e964002.png","True","E:\SteamLibrary\steamapps\common\Scrap Mechanic\Survival\Terrain\Tiles\poi\Ruin_BurntForest_64_03.tile","E:\SteamLibrary\steamapps\common\Scrap Mechanic\Survival\Terrain\Tiles\poi\Ruin_BurntForest_64_03.tileson","poi","True"
"Ruin_Field_64_01.tile","61fbf237-7ca1-4310-a70b-85c5c047aa1c","61fbf237-7ca1-4310-a70b-85c5c047aa1c.png","True","E:\SteamLibrary\steamapps\common\Scrap Mechanic\Survival\Terrain\Tiles\poi\Ruin_Field_64_01.tile","E:\SteamLibrary\steamapps\common\Scrap Mechanic\Survival\Terrain\Tiles\poi\Ruin_Field_64_01.tileson","poi","True"
"Ruin_Field_64_02.tile","2fc07dd0-482c-4eb5-86a0-2d48ba50fad3","2fc07dd0-482c-4eb5-86a0-2d48ba50fad3.png","True","E:\SteamLibrary\steamapps\common\Scrap Mechanic\Survival\Terrain\Tiles\poi\Ruin_Field_64_02.tile","E:\SteamLibrary\steamapps\common\Scrap Mechanic\Survival\Terrain\Tiles\poi\Ruin_Field_64_02.tileson","poi","True"
"Ruin_Field_64_03.tile","a372e03c-8006-44ab-a8ee-15bffec72dbe","a372e03c-8006-44ab-a8ee-15bffec72dbe.png","True","E:\SteamLibrary\steamapps\common\Scrap Mechanic\Survival\Terrain\Tiles\poi\Ruin_Field_64_03.tile","E:\SteamLibrary\steamapps\common\Scrap Mechanic\Survival\Terrain\Tiles\poi\Ruin_Field_64_03.tileson","poi","True"
"Ruin_Forest_128_01.tile","921eeedd-3f10-47a5-aabb-81b65db23b06","921eeedd-3f10-47a5-aabb-81b65db23b06.png","True","E:\SteamLibrary\steamapps\common\Scrap Mechanic\Survival\Terrain\Tiles\poi\Ruin_Forest_128_01.tile","E:\SteamLibrary\steamapps\common\Scrap Mechanic\Survival\Terrain\Tiles\poi\Ruin_Forest_128_01.tileson","poi","True"
"Ruin_Forest_64_01.tile","0a028fbe-5580-4abc-b48a-66c6a0f67c8e","0a028fbe-5580-4abc-b48a-66c6a0f67c8e.png","True","E:\SteamLibrary\steamapps\common\Scrap Mechanic\Survival\Terrain\Tiles\poi\Ruin_Forest_64_01.tile","E:\SteamLibrary\steamapps\common\Scrap Mechanic\Survival\Terrain\Tiles\poi\Ruin_Forest_64_01.tileson","poi","True"
"Ruin_Forest_64_02.tile","6cca7d2f-a07b-4133-9ac3-265715be70f6","6cca7d2f-a07b-4133-9ac3-265715be70f6.png","True","E:\SteamLibrary\steamapps\common\Scrap Mechanic\Survival\Terrain\Tiles\poi\Ruin_Forest_64_02.tile","E:\SteamLibrary\steamapps\common\Scrap Mechanic\Survival\Terrain\Tiles\poi\Ruin_Forest_64_02.tileson","poi","True"
"Ruin_Forest_64_03.tile","19f3fd49-1aa9-4aea-9fe5-6be46f73844f","19f3fd49-1aa9-4aea-9fe5-6be46f73844f.png","True","E:\SteamLibrary\steamapps\common\Scrap Mechanic\Survival\Terrain\Tiles\poi\Ruin_Forest_64_03.tile","E:\SteamLibrary\steamapps\common\Scrap Mechanic\Survival\Terrain\Tiles\poi\Ruin_Forest_64_03.tileson","poi","True"
"Ruin_Lake_128_01.tile","9958e995-8416-4970-945f-181c0c8add04","9958e995-8416-4970-945f-181c0c8add04.png","True","E:\SteamLibrary\steamapps\common\Scrap Mechanic\Survival\Terrain\Tiles\poi\Ruin_Lake_128_01.tile","E:\SteamLibrary\steamapps\common\Scrap Mechanic\Survival\Terrain\Tiles\poi\Ruin_Lake_128_01.tileson","poi","True"
"Ruin_Lake_128_02.tile","36004765-1886-4e65-9c61-26526ae925e3","36004765-1886-4e65-9c61-26526ae925e3.png","True","E:\SteamLibrary\steamapps\common\Scrap Mechanic\Survival\Terrain\Tiles\poi\Ruin_Lake_128_02.tile","E:\SteamLibrary\steamapps\common\Scrap Mechanic\Survival\Terrain\Tiles\poi\Ruin_Lake_128_02.tileson","poi","True"
"Ruin_Lake_128_03.tile","3d581892-c351-4a03-a117-562f2a25f18d","3d581892-c351-4a03-a117-562f2a25f18d.png","True","E:\SteamLibrary\steamapps\common\Scrap Mechanic\Survival\Terrain\Tiles\poi\Ruin_Lake_128_03.tile","E:\SteamLibrary\steamapps\common\Scrap Mechanic\Survival\Terrain\Tiles\poi\Ruin_Lake_128_03.tileson","poi","True"
"Ruin_Meadow_128_01.tile","a3b7e066-2530-404e-9c4b-d311f569748c","a3b7e066-2530-404e-9c4b-d311f569748c.png","True","E:\SteamLibrary\steamapps\common\Scrap Mechanic\Survival\Terrain\Tiles\poi\Ruin_Meadow_128_01.tile","E:\SteamLibrary\steamapps\common\Scrap Mechanic\Survival\Terrain\Tiles\poi\Ruin_Meadow_128_01.tileson","poi","True"
"Ruin_Meadow_128_02.tile","70e2d931-7c97-4290-bdbf-436db8582f71","70e2d931-7c97-4290-bdbf-436db8582f71.png","True","E:\SteamLibrary\steamapps\common\Scrap Mechanic\Survival\Terrain\Tiles\poi\Ruin_Meadow_128_02.tile","E:\SteamLibrary\steamapps\common\Scrap Mechanic\Survival\Terrain\Tiles\poi\Ruin_Meadow_128_02.tileson","poi","True"
"Ruin_Meadow_128_03.tile","31d05f8f-c1a5-493b-8ff0-91dc9af302e4","31d05f8f-c1a5-493b-8ff0-91dc9af302e4.png","True","E:\SteamLibrary\steamapps\common\Scrap Mechanic\Survival\Terrain\Tiles\poi\Ruin_Meadow_128_03.tile","E:\SteamLibrary\steamapps\common\Scrap Mechanic\Survival\Terrain\Tiles\poi\Ruin_Meadow_128_03.tileson","poi","True"
"Ruin_Meadow_128_04.tile","10bac32b-48ac-401a-9d7c-b215fc84aa98","10bac32b-48ac-401a-9d7c-b215fc84aa98.png","True","E:\SteamLibrary\steamapps\common\Scrap Mechanic\Survival\Terrain\Tiles\poi\Ruin_Meadow_128_04.tile","E:\SteamLibrary\steamapps\common\Scrap Mechanic\Survival\Terrain\Tiles\poi\Ruin_Meadow_128_04.tileson","poi","True"
"Ruin_Meadow_64_01.tile","68794ad2-e70f-4f68-8dc1-4b396a927d07","68794ad2-e70f-4f68-8dc1-4b396a927d07.png","True","E:\SteamLibrary\steamapps\common\Scrap Mechanic\Survival\Terrain\Tiles\poi\Ruin_Meadow_64_01.tile","E:\SteamLibrary\steamapps\common\Scrap Mechanic\Survival\Terrain\Tiles\poi\Ruin_Meadow_64_01.tileson","poi","True"
"Ruin_Meadow_64_02.tile","ca8cce51-4e86-4c38-b2a0-e21facb13229","ca8cce51-4e86-4c38-b2a0-e21facb13229.png","True","E:\SteamLibrary\steamapps\common\Scrap Mechanic\Survival\Terrain\Tiles\poi\Ruin_Meadow_64_02.tile","E:\SteamLibrary\steamapps\common\Scrap Mechanic\Survival\Terrain\Tiles\poi\Ruin_Meadow_64_02.tileson","poi","True"
"Ruin_Meadow_64_03.tile","1f041ba4-4fc1-49ec-bf98-63ad8e1f1b96","1f041ba4-4fc1-49ec-bf98-63ad8e1f1b96.png","True","E:\SteamLibrary\steamapps\common\Scrap Mechanic\Survival\Terrain\Tiles\poi\Ruin_Meadow_64_03.tile","E:\SteamLibrary\steamapps\common\Scrap Mechanic\Survival\Terrain\Tiles\poi\Ruin_Meadow_64_03.tileson","poi","True"
"Ruin_Meadow_64_04.tile","240b28e9-e298-4306-8d77-aca4b2581670","240b28e9-e298-4306-8d77-aca4b2581670.png","True","E:\SteamLibrary\steamapps\common\Scrap Mechanic\Survival\Terrain\Tiles\poi\Ruin_Meadow_64_04.tile","E:\SteamLibrary\steamapps\common\Scrap Mechanic\Survival\Terrain\Tiles\poi\Ruin_Meadow_64_04.tileson","poi","True"
"Ruin_Meadow_64_05.tile","18216217-7c49-40ee-afb3-38d2e9555fb8","18216217-7c49-40ee-afb3-38d2e9555fb8.png","True","E:\SteamLibrary\steamapps\common\Scrap Mechanic\Survival\Terrain\Tiles\poi\Ruin_Meadow_64_05.tile","E:\SteamLibrary\steamapps\common\Scrap Mechanic\Survival\Terrain\Tiles\poi\Ruin_Meadow_64_05.tileson","poi","True"
"Ruin_Meadow_64_06.tile","0de47979-bf12-4665-bf58-692b5e129b1c","0de47979-bf12-4665-bf58-692b5e129b1c.png","True","E:\SteamLibrary\steamapps\common\Scrap Mechanic\Survival\Terrain\Tiles\poi\Ruin_Meadow_64_06.tile","E:\SteamLibrary\steamapps\common\Scrap Mechanic\Survival\Terrain\Tiles\poi\Ruin_Meadow_64_06.tileson","poi","True"
"Ruin_Meadow_64_07.tile","a132fdc0-2417-4181-91b6-26176657ea4e","a132fdc0-2417-4181-91b6-26176657ea4e.png","True","E:\SteamLibrary\steamapps\common\Scrap Mechanic\Survival\Terrain\Tiles\poi\Ruin_Meadow_64_07.tile","E:\SteamLibrary\steamapps\common\Scrap Mechanic\Survival\Terrain\Tiles\poi\Ruin_Meadow_64_07.tileson","poi","True"
"Ruin_Meadow_64_08.tile","95da1468-8960-4fa7-9157-b5bc478466a4","95da1468-8960-4fa7-9157-b5bc478466a4.png","True","E:\SteamLibrary\steamapps\common\Scrap Mechanic\Survival\Terrain\Tiles\poi\Ruin_Meadow_64_08.tile","E:\SteamLibrary\steamapps\common\Scrap Mechanic\Survival\Terrain\Tiles\poi\Ruin_Meadow_64_08.tileson","poi","True"
"Ruin_Meadow_64_09.tile","5b2285e1-5d70-4598-8831-619911c22d5a","5b2285e1-5d70-4598-8831-619911c22d5a.png","True","E:\SteamLibrary\steamapps\common\Scrap Mechanic\Survival\Terrain\Tiles\poi\Ruin_Meadow_64_09.tile","E:\SteamLibrary\steamapps\common\Scrap Mechanic\Survival\Terrain\Tiles\poi\Ruin_Meadow_64_09.tileson","poi","True"
"Ruin_Meadow_64_10.tile","8e3f35e9-c142-4508-87fd-d48affb22fea","8e3f35e9-c142-4508-87fd-d48affb22fea.png","True","E:\SteamLibrary\steamapps\common\Scrap Mechanic\Survival\Terrain\Tiles\poi\Ruin_Meadow_64_10.tile","E:\SteamLibrary\steamapps\common\Scrap Mechanic\Survival\Terrain\Tiles\poi\Ruin_Meadow_64_10.tileson","poi","True"
"Ruin_Meadow_64_11.tile","7ba6fefb-8a07-49b8-b61f-a4d4305ecb47","7ba6fefb-8a07-49b8-b61f-a4d4305ecb47.png","True","E:\SteamLibrary\steamapps\common\Scrap Mechanic\Survival\Terrain\Tiles\poi\Ruin_Meadow_64_11.tile","E:\SteamLibrary\steamapps\common\Scrap Mechanic\Survival\Terrain\Tiles\poi\Ruin_Meadow_64_11.tileson","poi","True"
"RuinCity_512_01.tile","d4e2cbc3-62e1-48c5-8bd1-95ab3f7448ac","d4e2cbc3-62e1-48c5-8bd1-95ab3f7448ac.png","True","E:\SteamLibrary\steamapps\common\Scrap Mechanic\Survival\Terrain\Tiles\poi\RuinCity_512_01.tile","E:\SteamLibrary\steamapps\common\Scrap Mechanic\Survival\Terrain\Tiles\poi\RuinCity_512_01.tileson","poi","True"
"RuinCity_512_01_NEW.tile","c1af7c32-42e8-471f-93b6-019f2c22ed10","c1af7c32-42e8-471f-93b6-019f2c22ed10.png","True","E:\SteamLibrary\steamapps\common\Scrap Mechanic\Survival\Terrain\Tiles\poi\RuinCity_512_01_NEW.tile","E:\SteamLibrary\steamapps\common\Scrap Mechanic\Survival\Terrain\Tiles\poi\RuinCity_512_01_NEW.tileson","poi","True"
"SchematicStation_64_01.tile","2908dd45-9767-4c9a-aa00-871a3a0b04b5","2908dd45-9767-4c9a-aa00-871a3a0b04b5.png","True","E:\SteamLibrary\steamapps\common\Scrap Mechanic\Survival\Terrain\Tiles\poi\SchematicStation_64_01.tile","E:\SteamLibrary\steamapps\common\Scrap Mechanic\Survival\Terrain\Tiles\poi\SchematicStation_64_01.tileson","poi","True"
"SchematicStation_Desert_64_01.tile","d26c9186-24ea-42fa-a6d3-fc6536bb2725","d26c9186-24ea-42fa-a6d3-fc6536bb2725.png","True","E:\SteamLibrary\steamapps\common\Scrap Mechanic\Survival\Terrain\Tiles\poi\SchematicStation_Desert_64_01.tile","E:\SteamLibrary\steamapps\common\Scrap Mechanic\Survival\Terrain\Tiles\poi\SchematicStation_Desert_64_01.tileson","poi","True"
"SchematicStation_Field_64_01.tile","f32ebca6-dd04-462f-a614-884dcb55ccfe","f32ebca6-dd04-462f-a614-884dcb55ccfe.png","True","E:\SteamLibrary\steamapps\common\Scrap Mechanic\Survival\Terrain\Tiles\poi\SchematicStation_Field_64_01.tile","E:\SteamLibrary\steamapps\common\Scrap Mechanic\Survival\Terrain\Tiles\poi\SchematicStation_Field_64_01.tileson","poi","True"
"SchematicStation_Forest_64_01.tile","560ee0c0-5a35-429d-9533-9b9351d82df5","560ee0c0-5a35-429d-9533-9b9351d82df5.png","True","E:\SteamLibrary\steamapps\common\Scrap Mechanic\Survival\Terrain\Tiles\poi\SchematicStation_Forest_64_01.tile","E:\SteamLibrary\steamapps\common\Scrap Mechanic\Survival\Terrain\Tiles\poi\SchematicStation_Forest_64_01.tileson","poi","True"
"SiloDistrict_512_01.tile","9e5e4d7f-020d-4eec-ad19-ee2b19d6283a","9e5e4d7f-020d-4eec-ad19-ee2b19d6283a.png","True","E:\SteamLibrary\steamapps\common\Scrap Mechanic\Survival\Terrain\Tiles\poi\SiloDistrict_512_01.tile","E:\SteamLibrary\steamapps\common\Scrap Mechanic\Survival\Terrain\Tiles\poi\SiloDistrict_512_01.tileson","poi","True"
"SleepCapsuleBurial_128_01.tile","bd9b7d46-b57e-42cb-a470-3e2371921b5d","bd9b7d46-b57e-42cb-a470-3e2371921b5d.png","True","E:\SteamLibrary\steamapps\common\Scrap Mechanic\Survival\Terrain\Tiles\poi\SleepCapsuleBurial_128_01.tile","E:\SteamLibrary\steamapps\common\Scrap Mechanic\Survival\Terrain\Tiles\poi\SleepCapsuleBurial_128_01.tileson","poi","True"
"Warehouse_Exterior_2Floors_256_01.tile","e8dfc039-7879-40cb-8b69-696f88d1cb2c","e8dfc039-7879-40cb-8b69-696f88d1cb2c.png","True","E:\SteamLibrary\steamapps\common\Scrap Mechanic\Survival\Terrain\Tiles\poi\Warehouse_Exterior_2Floors_256_01.tile","E:\SteamLibrary\steamapps\common\Scrap Mechanic\Survival\Terrain\Tiles\poi\Warehouse_Exterior_2Floors_256_01.tileson","poi","True"
"Warehouse_Exterior_2Floors_256_01_NEW.tile","887b1866-009d-430d-923c-53f7f6e21f4c","887b1866-009d-430d-923c-53f7f6e21f4c.png","True","E:\SteamLibrary\steamapps\common\Scrap Mechanic\Survival\Terrain\Tiles\poi\Warehouse_Exterior_2Floors_256_01_NEW.tile","E:\SteamLibrary\steamapps\common\Scrap Mechanic\Survival\Terrain\Tiles\poi\Warehouse_Exterior_2Floors_256_01_NEW.tileson","poi","True"
"Warehouse_Exterior_2Floors_256_02.tile","71acfa84-5a93-4d71-8263-abff15908985","71acfa84-5a93-4d71-8263-abff15908985.png","True","E:\SteamLibrary\steamapps\common\Scrap Mechanic\Survival\Terrain\Tiles\poi\Warehouse_Exterior_2Floors_256_02.tile","E:\SteamLibrary\steamapps\common\Scrap Mechanic\Survival\Terrain\Tiles\poi\Warehouse_Exterior_2Floors_256_02.tileson","poi","True"
"Warehouse_Exterior_2Floors_256_02_NEW.tile","457232e5-8233-4dc8-8565-3433405ecd77","457232e5-8233-4dc8-8565-3433405ecd77.png","True","E:\SteamLibrary\steamapps\common\Scrap Mechanic\Survival\Terrain\Tiles\poi\Warehouse_Exterior_2Floors_256_02_NEW.tile","E:\SteamLibrary\steamapps\common\Scrap Mechanic\Survival\Terrain\Tiles\poi\Warehouse_Exterior_2Floors_256_02_NEW.tileson","poi","True"
"Warehouse_Exterior_2Floors_256_03.tile","5861d377-b27d-4ba7-9167-2ca064915e81","5861d377-b27d-4ba7-9167-2ca064915e81.png","True","E:\SteamLibrary\steamapps\common\Scrap Mechanic\Survival\Terrain\Tiles\poi\Warehouse_Exterior_2Floors_256_03.tile","E:\SteamLibrary\steamapps\common\Scrap Mechanic\Survival\Terrain\Tiles\poi\Warehouse_Exterior_2Floors_256_03.tileson","poi","True"
"Warehouse_Exterior_2Floors_256_03_NEW.tile","dc5c1caf-885c-4b9e-a3d7-d2578b04e633","dc5c1caf-885c-4b9e-a3d7-d2578b04e633.png","True","E:\SteamLibrary\steamapps\common\Scrap Mechanic\Survival\Terrain\Tiles\poi\Warehouse_Exterior_2Floors_256_03_NEW.tile","E:\SteamLibrary\steamapps\common\Scrap Mechanic\Survival\Terrain\Tiles\poi\Warehouse_Exterior_2Floors_256_03_NEW.tileson","poi","True"
"Warehouse_Exterior_2Floors_256_04.tile","afc8dacf-a2ec-4bc5-9ffb-166372b5fcd2","afc8dacf-a2ec-4bc5-9ffb-166372b5fcd2.png","True","E:\SteamLibrary\steamapps\common\Scrap Mechanic\Survival\Terrain\Tiles\poi\Warehouse_Exterior_2Floors_256_04.tile","E:\SteamLibrary\steamapps\common\Scrap Mechanic\Survival\Terrain\Tiles\poi\Warehouse_Exterior_2Floors_256_04.tileson","poi","True"
"Warehouse_Exterior_2Floors_256_04_NEW.tile","4283ed68-9811-4fc6-91b6-156fda5c444f","4283ed68-9811-4fc6-91b6-156fda5c444f.png","True","E:\SteamLibrary\steamapps\common\Scrap Mechanic\Survival\Terrain\Tiles\poi\Warehouse_Exterior_2Floors_256_04_NEW.tile","E:\SteamLibrary\steamapps\common\Scrap Mechanic\Survival\Terrain\Tiles\poi\Warehouse_Exterior_2Floors_256_04_NEW.tileson","poi","True"
"Warehouse_Exterior_3Floors_256_01.tile","cbeb1357-2027-4a90-bd03-632ccd4509b5","cbeb1357-2027-4a90-bd03-632ccd4509b5.png","True","E:\SteamLibrary\steamapps\common\Scrap Mechanic\Survival\Terrain\Tiles\poi\Warehouse_Exterior_3Floors_256_01.tile","E:\SteamLibrary\steamapps\common\Scrap Mechanic\Survival\Terrain\Tiles\poi\Warehouse_Exterior_3Floors_256_01.tileson","poi","True"
"Warehouse_Exterior_3Floors_256_01_NEW.tile","3f35b614-e5da-41b1-ad2c-2959a9ae77d6","3f35b614-e5da-41b1-ad2c-2959a9ae77d6.png","True","E:\SteamLibrary\steamapps\common\Scrap Mechanic\Survival\Terrain\Tiles\poi\Warehouse_Exterior_3Floors_256_01_NEW.tile","E:\SteamLibrary\steamapps\common\Scrap Mechanic\Survival\Terrain\Tiles\poi\Warehouse_Exterior_3Floors_256_01_NEW.tileson","poi","True"
"Warehouse_Exterior_4Floors_256_01.tile","b626a6fa-5930-4196-99dd-bf36f629bd0d","b626a6fa-5930-4196-99dd-bf36f629bd0d.png","True","E:\SteamLibrary\steamapps\common\Scrap Mechanic\Survival\Terrain\Tiles\poi\Warehouse_Exterior_4Floors_256_01.tile","E:\SteamLibrary\steamapps\common\Scrap Mechanic\Survival\Terrain\Tiles\poi\Warehouse_Exterior_4Floors_256_01.tileson","poi","True"
"Warehouse_Exterior_4Floors_256_01_NEW.tile","669a9132-e9c2-4961-a6ad-869044058024","669a9132-e9c2-4961-a6ad-869044058024.png","True","E:\SteamLibrary\steamapps\common\Scrap Mechanic\Survival\Terrain\Tiles\poi\Warehouse_Exterior_4Floors_256_01_NEW.tile","E:\SteamLibrary\steamapps\common\Scrap Mechanic\Survival\Terrain\Tiles\poi\Warehouse_Exterior_4Floors_256_01_NEW.tileson","poi","True"
"Warehouse_Exterior_4Floors_256_Quest.tile","5e9fa630-76fe-4693-be63-00ecd9acf201","5e9fa630-76fe-4693-be63-00ecd9acf201.png","True","E:\SteamLibrary\steamapps\common\Scrap Mechanic\Survival\Terrain\Tiles\poi\Warehouse_Exterior_4Floors_256_Quest.tile","E:\SteamLibrary\steamapps\common\Scrap Mechanic\Survival\Terrain\Tiles\poi\Warehouse_Exterior_4Floors_256_Quest.tileson","poi","True"
"BuilderQuest_Baguette_128_01.tile","d92fa65f-9eda-4e95-ac60-7cd35af64abf","d92fa65f-9eda-4e95-ac60-7cd35af64abf.png","True","E:\SteamLibrary\steamapps\common\Scrap Mechanic\Survival\Terrain\Tiles\questtiles\BuilderQuest_Baguette_128_01.tile","E:\SteamLibrary\steamapps\common\Scrap Mechanic\Survival\Terrain\Tiles\questtiles\BuilderQuest_Baguette_128_01.tileson","questtiles","True"
"BuilderQuest_Beesuit_64_01.tile","4bb32278-6e87-482d-a9e3-3476a45a194b","4bb32278-6e87-482d-a9e3-3476a45a194b.png","True","E:\SteamLibrary\steamapps\common\Scrap Mechanic\Survival\Terrain\Tiles\questtiles\BuilderQuest_Beesuit_64_01.tile","E:\SteamLibrary\steamapps\common\Scrap Mechanic\Survival\Terrain\Tiles\questtiles\BuilderQuest_Beesuit_64_01.tileson","questtiles","True"
"BuilderQuest_Bigfan_64_01.tile","84cce463-a967-443f-95ff-9fcdb73262b0","84cce463-a967-443f-95ff-9fcdb73262b0.png","True","E:\SteamLibrary\steamapps\common\Scrap Mechanic\Survival\Terrain\Tiles\questtiles\BuilderQuest_Bigfan_64_01.tile","E:\SteamLibrary\steamapps\common\Scrap Mechanic\Survival\Terrain\Tiles\questtiles\BuilderQuest_Bigfan_64_01.tileson","questtiles","True"
"BuilderQuest_Cardboardpoop_64_01.tile","cd2e757d-249d-49af-979c-14428b41f7ad","cd2e757d-249d-49af-979c-14428b41f7ad.png","True","E:\SteamLibrary\steamapps\common\Scrap Mechanic\Survival\Terrain\Tiles\questtiles\BuilderQuest_Cardboardpoop_64_01.tile","E:\SteamLibrary\steamapps\common\Scrap Mechanic\Survival\Terrain\Tiles\questtiles\BuilderQuest_Cardboardpoop_64_01.tileson","questtiles","True"
"BuilderQuest_Carousel_64_01.tile","86854faa-1d4f-4f2a-bb57-877abb8dfbc3","86854faa-1d4f-4f2a-bb57-877abb8dfbc3.png","True","E:\SteamLibrary\steamapps\common\Scrap Mechanic\Survival\Terrain\Tiles\questtiles\BuilderQuest_Carousel_64_01.tile","E:\SteamLibrary\steamapps\common\Scrap Mechanic\Survival\Terrain\Tiles\questtiles\BuilderQuest_Carousel_64_01.tileson","questtiles","True"
"BuilderQuest_Catapult_128_01.tile","e010fb27-2d28-44fb-a8e6-e9f9664850a7","e010fb27-2d28-44fb-a8e6-e9f9664850a7.png","True","E:\SteamLibrary\steamapps\common\Scrap Mechanic\Survival\Terrain\Tiles\questtiles\BuilderQuest_Catapult_128_01.tile","E:\SteamLibrary\steamapps\common\Scrap Mechanic\Survival\Terrain\Tiles\questtiles\BuilderQuest_Catapult_128_01.tileson","questtiles","True"
"BuilderQuest_Compass_64_01.tile","9269286f-6bde-4d6d-ad57-3ef57c88980e","9269286f-6bde-4d6d-ad57-3ef57c88980e.png","True","E:\SteamLibrary\steamapps\common\Scrap Mechanic\Survival\Terrain\Tiles\questtiles\BuilderQuest_Compass_64_01.tile","E:\SteamLibrary\steamapps\common\Scrap Mechanic\Survival\Terrain\Tiles\questtiles\BuilderQuest_Compass_64_01.tileson","questtiles","True"
"BuilderQuest_Cornheart_64_01.tile","d5532a26-4450-4bc7-9db9-ff370be3dee9","d5532a26-4450-4bc7-9db9-ff370be3dee9.png","True","E:\SteamLibrary\steamapps\common\Scrap Mechanic\Survival\Terrain\Tiles\questtiles\BuilderQuest_Cornheart_64_01.tile","E:\SteamLibrary\steamapps\common\Scrap Mechanic\Survival\Terrain\Tiles\questtiles\BuilderQuest_Cornheart_64_01.tileson","questtiles","True"
"BuilderQuest_Cozybed_64_01.tile","6ddf24cb-db84-4534-81a8-a9ce81e83d84","6ddf24cb-db84-4534-81a8-a9ce81e83d84.png","True","E:\SteamLibrary\steamapps\common\Scrap Mechanic\Survival\Terrain\Tiles\questtiles\BuilderQuest_Cozybed_64_01.tile","E:\SteamLibrary\steamapps\common\Scrap Mechanic\Survival\Terrain\Tiles\questtiles\BuilderQuest_Cozybed_64_01.tileson","questtiles","True"
"BuilderQuest_Crowbar_64_01.tile","5c34eac0-2870-4978-8f05-7478d6e03baa","5c34eac0-2870-4978-8f05-7478d6e03baa.png","True","E:\SteamLibrary\steamapps\common\Scrap Mechanic\Survival\Terrain\Tiles\questtiles\BuilderQuest_Crowbar_64_01.tile","E:\SteamLibrary\steamapps\common\Scrap Mechanic\Survival\Terrain\Tiles\questtiles\BuilderQuest_Crowbar_64_01.tileson","questtiles","True"
"BuilderQuest_Garden_64_01.tile","405bb852-e090-4ee5-8a2f-24f2395d5d5f","405bb852-e090-4ee5-8a2f-24f2395d5d5f.png","True","E:\SteamLibrary\steamapps\common\Scrap Mechanic\Survival\Terrain\Tiles\questtiles\BuilderQuest_Garden_64_01.tile","E:\SteamLibrary\steamapps\common\Scrap Mechanic\Survival\Terrain\Tiles\questtiles\BuilderQuest_Garden_64_01.tileson","questtiles","True"
"BuilderQuest_Musicbox_128_01.tile","eb056a47-8122-4fd5-8f45-fbd96c249997","eb056a47-8122-4fd5-8f45-fbd96c249997.png","True","E:\SteamLibrary\steamapps\common\Scrap Mechanic\Survival\Terrain\Tiles\questtiles\BuilderQuest_Musicbox_128_01.tile","E:\SteamLibrary\steamapps\common\Scrap Mechanic\Survival\Terrain\Tiles\questtiles\BuilderQuest_Musicbox_128_01.tileson","questtiles","True"
"BuilderQuest_Nicehouse_128_01.tile","da1275c8-2133-442a-b649-6961a5ddeb7f","da1275c8-2133-442a-b649-6961a5ddeb7f.png","True","E:\SteamLibrary\steamapps\common\Scrap Mechanic\Survival\Terrain\Tiles\questtiles\BuilderQuest_Nicehouse_128_01.tile","E:\SteamLibrary\steamapps\common\Scrap Mechanic\Survival\Terrain\Tiles\questtiles\BuilderQuest_Nicehouse_128_01.tileson","questtiles","True"
"BuilderQuest_Popcorn_64_01.tile","d149b9cf-de7e-4fcd-8e82-69c07214d3af","d149b9cf-de7e-4fcd-8e82-69c07214d3af.png","True","E:\SteamLibrary\steamapps\common\Scrap Mechanic\Survival\Terrain\Tiles\questtiles\BuilderQuest_Popcorn_64_01.tile","E:\SteamLibrary\steamapps\common\Scrap Mechanic\Survival\Terrain\Tiles\questtiles\BuilderQuest_Popcorn_64_01.tileson","questtiles","True"
"BuilderQuest_ResourceCar_64_01.tile","e732c8c9-4580-4ca9-98fd-dbb79c97a623","e732c8c9-4580-4ca9-98fd-dbb79c97a623.png","True","E:\SteamLibrary\steamapps\common\Scrap Mechanic\Survival\Terrain\Tiles\questtiles\BuilderQuest_ResourceCar_64_01.tile","E:\SteamLibrary\steamapps\common\Scrap Mechanic\Survival\Terrain\Tiles\questtiles\BuilderQuest_ResourceCar_64_01.tileson","questtiles","True"
"BuilderQuest_Sawbladearm_64_01.tile","49b86128-327e-457c-98f5-1949bee17c3d","49b86128-327e-457c-98f5-1949bee17c3d.png","True","E:\SteamLibrary\steamapps\common\Scrap Mechanic\Survival\Terrain\Tiles\questtiles\BuilderQuest_Sawbladearm_64_01.tile","E:\SteamLibrary\steamapps\common\Scrap Mechanic\Survival\Terrain\Tiles\questtiles\BuilderQuest_Sawbladearm_64_01.tileson","questtiles","True"
"BuilderQuest_Sledgehammer_128_01.tile","311d997e-b8b0-491d-ac9d-176335e94e97","311d997e-b8b0-491d-ac9d-176335e94e97.png","True","E:\SteamLibrary\steamapps\common\Scrap Mechanic\Survival\Terrain\Tiles\questtiles\BuilderQuest_Sledgehammer_128_01.tile","E:\SteamLibrary\steamapps\common\Scrap Mechanic\Survival\Terrain\Tiles\questtiles\BuilderQuest_Sledgehammer_128_01.tileson","questtiles","True"
"BuilderQuest_Steelbridge_128_01.tile","328be143-d67d-4b73-a15a-3df26c106f20","328be143-d67d-4b73-a15a-3df26c106f20.png","True","E:\SteamLibrary\steamapps\common\Scrap Mechanic\Survival\Terrain\Tiles\questtiles\BuilderQuest_Steelbridge_128_01.tile","E:\SteamLibrary\steamapps\common\Scrap Mechanic\Survival\Terrain\Tiles\questtiles\BuilderQuest_Steelbridge_128_01.tileson","questtiles","True"
"BuilderQuest_Totebotkey_64_01.tile","6c57b05d-36c7-46df-ae45-7403f756199d","6c57b05d-36c7-46df-ae45-7403f756199d.png","True","E:\SteamLibrary\steamapps\common\Scrap Mechanic\Survival\Terrain\Tiles\questtiles\BuilderQuest_Totebotkey_64_01.tile","E:\SteamLibrary\steamapps\common\Scrap Mechanic\Survival\Terrain\Tiles\questtiles\BuilderQuest_Totebotkey_64_01.tileson","questtiles","True"
"BuilderQuest_Wochouse_64_01.tile","bb5acabd-562f-449f-bece-5a8351c34b6e","bb5acabd-562f-449f-bece-5a8351c34b6e.png","True","E:\SteamLibrary\steamapps\common\Scrap Mechanic\Survival\Terrain\Tiles\questtiles\BuilderQuest_Wochouse_64_01.tile","E:\SteamLibrary\steamapps\common\Scrap Mechanic\Survival\Terrain\Tiles\questtiles\BuilderQuest_Wochouse_64_01.tileson","questtiles","True"
"BuilderQuest_Xylophone_64_01.tile","c62ca228-3190-4c09-bd1a-88eb32e0695b","c62ca228-3190-4c09-bd1a-88eb32e0695b.png","True","E:\SteamLibrary\steamapps\common\Scrap Mechanic\Survival\Terrain\Tiles\questtiles\BuilderQuest_Xylophone_64_01.tile","E:\SteamLibrary\steamapps\common\Scrap Mechanic\Survival\Terrain\Tiles\questtiles\BuilderQuest_Xylophone_64_01.tileson","questtiles","True"
"MechanicStation_QuestTile_01.tile","3ef31461-6f4e-4fb5-938d-875fb837d736","3ef31461-6f4e-4fb5-938d-875fb837d736.png","True","E:\SteamLibrary\steamapps\common\Scrap Mechanic\Survival\Terrain\Tiles\questtiles\MechanicStation_QuestTile_01.tile","E:\SteamLibrary\steamapps\common\Scrap Mechanic\Survival\Terrain\Tiles\questtiles\MechanicStation_QuestTile_01.tileson","questtiles","True"
"Minidungeon_Overworld_Entrance_256_03.tile","312e8d1c-de9c-479d-861a-cace1cb480f7","312e8d1c-de9c-479d-861a-cace1cb480f7.png","True","E:\SteamLibrary\steamapps\common\Scrap Mechanic\Survival\Terrain\Tiles\questtiles\Minidungeon_Overworld_Entrance_256_03.tile","E:\SteamLibrary\steamapps\common\Scrap Mechanic\Survival\Terrain\Tiles\questtiles\Minidungeon_Overworld_Entrance_256_03.tileson","questtiles","True"
"Minidungeon_Overworld_Entrance_256_04.tile","b5b956c1-bab0-4bbe-abb0-e0ab8d3f1fab","b5b956c1-bab0-4bbe-abb0-e0ab8d3f1fab.png","True","E:\SteamLibrary\steamapps\common\Scrap Mechanic\Survival\Terrain\Tiles\questtiles\Minidungeon_Overworld_Entrance_256_04.tile","E:\SteamLibrary\steamapps\common\Scrap Mechanic\Survival\Terrain\Tiles\questtiles\Minidungeon_Overworld_Entrance_256_04.tileson","questtiles","True"
"Minidungeon_Overworld_Entrance_256_07.tile","d159bbf6-7b87-4073-8da7-c6cc3b85e4b5","d159bbf6-7b87-4073-8da7-c6cc3b85e4b5.png","True","E:\SteamLibrary\steamapps\common\Scrap Mechanic\Survival\Terrain\Tiles\questtiles\Minidungeon_Overworld_Entrance_256_07.tile","E:\SteamLibrary\steamapps\common\Scrap Mechanic\Survival\Terrain\Tiles\questtiles\Minidungeon_Overworld_Entrance_256_07.tileson","questtiles","True"
"Minidungeon_Overworld_Entrance_DungeonQuest_256_01.tile","e70e6ba1-29a3-40a4-9ec3-cc2ed60a69c9","e70e6ba1-29a3-40a4-9ec3-cc2ed60a69c9.png","True","E:\SteamLibrary\steamapps\common\Scrap Mechanic\Survival\Terrain\Tiles\questtiles\Minidungeon_Overworld_Entrance_DungeonQuest_256_01.tile","E:\SteamLibrary\steamapps\common\Scrap Mechanic\Survival\Terrain\Tiles\questtiles\Minidungeon_Overworld_Entrance_DungeonQuest_256_01.tileson","questtiles","True"
"Minidungeon_OverworldEntrance_Chemical_512_01.tile","08f0037b-9233-4fe8-b7e1-c1a0c4a2913b","08f0037b-9233-4fe8-b7e1-c1a0c4a2913b.png","True","E:\SteamLibrary\steamapps\common\Scrap Mechanic\Survival\Terrain\Tiles\questtiles\Minidungeon_OverworldEntrance_Chemical_512_01.tile","E:\SteamLibrary\steamapps\common\Scrap Mechanic\Survival\Terrain\Tiles\questtiles\Minidungeon_OverworldEntrance_Chemical_512_01.tileson","questtiles","True"
"Minidungeon_OverworldEntrance_Water_512_01.tile","8e1538ae-6169-4053-b9ae-d80258c6fb3b","8e1538ae-6169-4053-b9ae-d80258c6fb3b.png","True","E:\SteamLibrary\steamapps\common\Scrap Mechanic\Survival\Terrain\Tiles\questtiles\Minidungeon_OverworldEntrance_Water_512_01.tile","E:\SteamLibrary\steamapps\common\Scrap Mechanic\Survival\Terrain\Tiles\questtiles\Minidungeon_OverworldEntrance_Water_512_01.tileson","questtiles","True"
"Ruin_AutumnForest_RuinsQuest_128_01.tile","a47695ef-2028-44c7-8247-5fcad4e10bf8","a47695ef-2028-44c7-8247-5fcad4e10bf8.png","True","E:\SteamLibrary\steamapps\common\Scrap Mechanic\Survival\Terrain\Tiles\questtiles\Ruin_AutumnForest_RuinsQuest_128_01.tile","E:\SteamLibrary\steamapps\common\Scrap Mechanic\Survival\Terrain\Tiles\questtiles\Ruin_AutumnForest_RuinsQuest_128_01.tileson","questtiles","True"
"Ravine(0001)_01.tile","dcb3aabc-6a4f-49f2-9897-0d26f941da07","dcb3aabc-6a4f-49f2-9897-0d26f941da07.png","True","E:\SteamLibrary\steamapps\common\Scrap Mechanic\Survival\Terrain\Tiles\ravine\Ravine(0001)_01.tile","E:\SteamLibrary\steamapps\common\Scrap Mechanic\Survival\Terrain\Tiles\ravine\Ravine(0001)_01.tileson","ravine","True"
"Ravine(0002)_01.tile","229a15bc-f37a-4b86-879d-384efdf6ff3f","229a15bc-f37a-4b86-879d-384efdf6ff3f.png","True","E:\SteamLibrary\steamapps\common\Scrap Mechanic\Survival\Terrain\Tiles\ravine\Ravine(0002)_01.tile","E:\SteamLibrary\steamapps\common\Scrap Mechanic\Survival\Terrain\Tiles\ravine\Ravine(0002)_01.tileson","ravine","True"
"Ravine(0011)_01.tile","a76013a3-3bbe-46f6-bae9-1cb25c8a1e95","a76013a3-3bbe-46f6-bae9-1cb25c8a1e95.png","True","E:\SteamLibrary\steamapps\common\Scrap Mechanic\Survival\Terrain\Tiles\ravine\Ravine(0011)_01.tile","E:\SteamLibrary\steamapps\common\Scrap Mechanic\Survival\Terrain\Tiles\ravine\Ravine(0011)_01.tileson","ravine","True"
"Ravine(0011)_02.tile","cab866fa-b9bc-45ce-af41-dbc249abf71f","cab866fa-b9bc-45ce-af41-dbc249abf71f.png","True","E:\SteamLibrary\steamapps\common\Scrap Mechanic\Survival\Terrain\Tiles\ravine\Ravine(0011)_02.tile","E:\SteamLibrary\steamapps\common\Scrap Mechanic\Survival\Terrain\Tiles\ravine\Ravine(0011)_02.tileson","ravine","True"
"Ravine(0012)_01.tile","3c8f64d6-78e1-4596-8365-91f3e8e3acbb","3c8f64d6-78e1-4596-8365-91f3e8e3acbb.png","True","E:\SteamLibrary\steamapps\common\Scrap Mechanic\Survival\Terrain\Tiles\ravine\Ravine(0012)_01.tile","E:\SteamLibrary\steamapps\common\Scrap Mechanic\Survival\Terrain\Tiles\ravine\Ravine(0012)_01.tileson","ravine","True"
"Ravine(0021)_01.tile","e2f74e1a-9607-409c-96aa-44e5b2d9aa27","e2f74e1a-9607-409c-96aa-44e5b2d9aa27.png","True","E:\SteamLibrary\steamapps\common\Scrap Mechanic\Survival\Terrain\Tiles\ravine\Ravine(0021)_01.tile","E:\SteamLibrary\steamapps\common\Scrap Mechanic\Survival\Terrain\Tiles\ravine\Ravine(0021)_01.tileson","ravine","True"
"Ravine(0022)_01.tile","e39d6028-a754-416f-b89e-12b26906988a","e39d6028-a754-416f-b89e-12b26906988a.png","True","E:\SteamLibrary\steamapps\common\Scrap Mechanic\Survival\Terrain\Tiles\ravine\Ravine(0022)_01.tile","E:\SteamLibrary\steamapps\common\Scrap Mechanic\Survival\Terrain\Tiles\ravine\Ravine(0022)_01.tileson","ravine","True"
"Ravine(0101)_01.tile","a571350e-5e42-4664-a543-067ad54be11e","a571350e-5e42-4664-a543-067ad54be11e.png","True","E:\SteamLibrary\steamapps\common\Scrap Mechanic\Survival\Terrain\Tiles\ravine\Ravine(0101)_01.tile","E:\SteamLibrary\steamapps\common\Scrap Mechanic\Survival\Terrain\Tiles\ravine\Ravine(0101)_01.tileson","ravine","True"
"Ravine(0102)_01.tile","9717ee6b-4bf5-457b-9804-ea6df4302fdf","9717ee6b-4bf5-457b-9804-ea6df4302fdf.png","True","E:\SteamLibrary\steamapps\common\Scrap Mechanic\Survival\Terrain\Tiles\ravine\Ravine(0102)_01.tile","E:\SteamLibrary\steamapps\common\Scrap Mechanic\Survival\Terrain\Tiles\ravine\Ravine(0102)_01.tileson","ravine","True"
"Ravine(0111)_01.tile","58234b8a-c733-4ffa-9185-b6ed2fdbe32c","58234b8a-c733-4ffa-9185-b6ed2fdbe32c.png","True","E:\SteamLibrary\steamapps\common\Scrap Mechanic\Survival\Terrain\Tiles\ravine\Ravine(0111)_01.tile","E:\SteamLibrary\steamapps\common\Scrap Mechanic\Survival\Terrain\Tiles\ravine\Ravine(0111)_01.tileson","ravine","True"
"Ravine(0112)_01.tile","95f07b82-45a0-46b6-a076-3d96edf5a7dd","95f07b82-45a0-46b6-a076-3d96edf5a7dd.png","True","E:\SteamLibrary\steamapps\common\Scrap Mechanic\Survival\Terrain\Tiles\ravine\Ravine(0112)_01.tile","E:\SteamLibrary\steamapps\common\Scrap Mechanic\Survival\Terrain\Tiles\ravine\Ravine(0112)_01.tileson","ravine","True"
"Ravine(0121)_01.tile","05a3c852-9605-4b1c-8637-2df9a9a4ba57","05a3c852-9605-4b1c-8637-2df9a9a4ba57.png","True","E:\SteamLibrary\steamapps\common\Scrap Mechanic\Survival\Terrain\Tiles\ravine\Ravine(0121)_01.tile","E:\SteamLibrary\steamapps\common\Scrap Mechanic\Survival\Terrain\Tiles\ravine\Ravine(0121)_01.tileson","ravine","True"
"Ravine(0122)_01.tile","b68e8c51-97f3-49ff-93b8-a2236abd31a4","b68e8c51-97f3-49ff-93b8-a2236abd31a4.png","True","E:\SteamLibrary\steamapps\common\Scrap Mechanic\Survival\Terrain\Tiles\ravine\Ravine(0122)_01.tile","E:\SteamLibrary\steamapps\common\Scrap Mechanic\Survival\Terrain\Tiles\ravine\Ravine(0122)_01.tileson","ravine","True"
"Ravine(0202)_01.tile","7480e763-11b5-4a97-aeeb-ed006f687cff","7480e763-11b5-4a97-aeeb-ed006f687cff.png","True","E:\SteamLibrary\steamapps\common\Scrap Mechanic\Survival\Terrain\Tiles\ravine\Ravine(0202)_01.tile","E:\SteamLibrary\steamapps\common\Scrap Mechanic\Survival\Terrain\Tiles\ravine\Ravine(0202)_01.tileson","ravine","True"
"Ravine(0211)_01.tile","68346b58-c27b-4e57-aad6-b14d0935ae07","68346b58-c27b-4e57-aad6-b14d0935ae07.png","True","E:\SteamLibrary\steamapps\common\Scrap Mechanic\Survival\Terrain\Tiles\ravine\Ravine(0211)_01.tile","E:\SteamLibrary\steamapps\common\Scrap Mechanic\Survival\Terrain\Tiles\ravine\Ravine(0211)_01.tileson","ravine","True"
"Ravine(0212)_01.tile","17fed20b-0d59-4907-8d07-602061ec7bea","17fed20b-0d59-4907-8d07-602061ec7bea.png","True","E:\SteamLibrary\steamapps\common\Scrap Mechanic\Survival\Terrain\Tiles\ravine\Ravine(0212)_01.tile","E:\SteamLibrary\steamapps\common\Scrap Mechanic\Survival\Terrain\Tiles\ravine\Ravine(0212)_01.tileson","ravine","True"
"Ravine(0221)_01.tile","42b3b2e9-4f70-4cc4-8bd6-3690da6e7fdc","42b3b2e9-4f70-4cc4-8bd6-3690da6e7fdc.png","True","E:\SteamLibrary\steamapps\common\Scrap Mechanic\Survival\Terrain\Tiles\ravine\Ravine(0221)_01.tile","E:\SteamLibrary\steamapps\common\Scrap Mechanic\Survival\Terrain\Tiles\ravine\Ravine(0221)_01.tileson","ravine","True"
"Ravine(0222)_01.tile","36f60ce5-a44d-4004-843a-38f6eeeea846","36f60ce5-a44d-4004-843a-38f6eeeea846.png","True","E:\SteamLibrary\steamapps\common\Scrap Mechanic\Survival\Terrain\Tiles\ravine\Ravine(0222)_01.tile","E:\SteamLibrary\steamapps\common\Scrap Mechanic\Survival\Terrain\Tiles\ravine\Ravine(0222)_01.tileson","ravine","True"
"Ravine(1111)_01.tile","5d8ce416-2bf5-479a-83d4-8db35113119a","5d8ce416-2bf5-479a-83d4-8db35113119a.png","True","E:\SteamLibrary\steamapps\common\Scrap Mechanic\Survival\Terrain\Tiles\ravine\Ravine(1111)_01.tile","E:\SteamLibrary\steamapps\common\Scrap Mechanic\Survival\Terrain\Tiles\ravine\Ravine(1111)_01.tileson","ravine","True"
"Road_Dirt_Bend_01.tile","258be1e5-e4b2-4f72-ab9f-2b09f3480652","258be1e5-e4b2-4f72-ab9f-2b09f3480652.png","True","E:\SteamLibrary\steamapps\common\Scrap Mechanic\Survival\Terrain\Tiles\Road_Dirt_Bend_01.tile","E:\SteamLibrary\steamapps\common\Scrap Mechanic\Survival\Terrain\Tiles\Road_Dirt_Bend_01.tileson","","True"
"Road_Dirt_Bendx2_01.tile","8546a96c-762a-4ee0-9d8d-10e21dc25dc1","8546a96c-762a-4ee0-9d8d-10e21dc25dc1.png","True","E:\SteamLibrary\steamapps\common\Scrap Mechanic\Survival\Terrain\Tiles\Road_Dirt_Bendx2_01.tile","E:\SteamLibrary\steamapps\common\Scrap Mechanic\Survival\Terrain\Tiles\Road_Dirt_Bendx2_01.tileson","","True"
"Road_Dirt_End_01.tile","8c7d5ed2-e44e-4373-985e-ac9659ab2198","8c7d5ed2-e44e-4373-985e-ac9659ab2198.png","True","E:\SteamLibrary\steamapps\common\Scrap Mechanic\Survival\Terrain\Tiles\Road_Dirt_End_01.tile","E:\SteamLibrary\steamapps\common\Scrap Mechanic\Survival\Terrain\Tiles\Road_Dirt_End_01.tileson","","True"
"Road_Dirt_Four-way_01.tile","48e870a8-3d9c-4668-85ec-3744e03038a4","48e870a8-3d9c-4668-85ec-3744e03038a4.png","True","E:\SteamLibrary\steamapps\common\Scrap Mechanic\Survival\Terrain\Tiles\Road_Dirt_Four-way_01.tile","E:\SteamLibrary\steamapps\common\Scrap Mechanic\Survival\Terrain\Tiles\Road_Dirt_Four-way_01.tileson","","True"
"Road_Dirt_Straight_01.tile","5669ce86-ed13-472c-b994-12fa5699b66c","5669ce86-ed13-472c-b994-12fa5699b66c.png","True","E:\SteamLibrary\steamapps\common\Scrap Mechanic\Survival\Terrain\Tiles\Road_Dirt_Straight_01.tile","E:\SteamLibrary\steamapps\common\Scrap Mechanic\Survival\Terrain\Tiles\Road_Dirt_Straight_01.tileson","","True"
"Road_Dirt_Three-way_01.tile","df31ef67-2284-44a0-b07a-f8b81c98a846","df31ef67-2284-44a0-b07a-f8b81c98a846.png","True","E:\SteamLibrary\steamapps\common\Scrap Mechanic\Survival\Terrain\Tiles\Road_Dirt_Three-way_01.tile","E:\SteamLibrary\steamapps\common\Scrap Mechanic\Survival\Terrain\Tiles\Road_Dirt_Three-way_01.tileson","","True"
"Road_Gravel_Bend_01.tile","e0f80d2a-0df3-4505-96c0-b245f0d18d9d","e0f80d2a-0df3-4505-96c0-b245f0d18d9d.png","True","E:\SteamLibrary\steamapps\common\Scrap Mechanic\Survival\Terrain\Tiles\Road_Gravel_Bend_01.tile","E:\SteamLibrary\steamapps\common\Scrap Mechanic\Survival\Terrain\Tiles\Road_Gravel_Bend_01.tileson","","True"
"Road_Gravel_Bendx2_01.tile","4cd31525-a5b1-4983-b4cb-ca7821db3223","4cd31525-a5b1-4983-b4cb-ca7821db3223.png","True","E:\SteamLibrary\steamapps\common\Scrap Mechanic\Survival\Terrain\Tiles\Road_Gravel_Bendx2_01.tile","E:\SteamLibrary\steamapps\common\Scrap Mechanic\Survival\Terrain\Tiles\Road_Gravel_Bendx2_01.tileson","","True"
"Road_Gravel_End_01.tile","77390cae-7896-4063-b60b-870d3ba90190","77390cae-7896-4063-b60b-870d3ba90190.png","True","E:\SteamLibrary\steamapps\common\Scrap Mechanic\Survival\Terrain\Tiles\Road_Gravel_End_01.tile","E:\SteamLibrary\steamapps\common\Scrap Mechanic\Survival\Terrain\Tiles\Road_Gravel_End_01.tileson","","True"
"Road_Gravel_Four-way_01.tile","9879573d-92ab-4eaf-8cc7-5906b70ac675","9879573d-92ab-4eaf-8cc7-5906b70ac675.png","True","E:\SteamLibrary\steamapps\common\Scrap Mechanic\Survival\Terrain\Tiles\Road_Gravel_Four-way_01.tile","E:\SteamLibrary\steamapps\common\Scrap Mechanic\Survival\Terrain\Tiles\Road_Gravel_Four-way_01.tileson","","True"
"Road_Gravel_Straight_01.tile","5a05e169-5b59-40dd-a95f-b0fac45e084c","5a05e169-5b59-40dd-a95f-b0fac45e084c.png","True","E:\SteamLibrary\steamapps\common\Scrap Mechanic\Survival\Terrain\Tiles\Road_Gravel_Straight_01.tile","E:\SteamLibrary\steamapps\common\Scrap Mechanic\Survival\Terrain\Tiles\Road_Gravel_Straight_01.tileson","","True"
"Road_Gravel_Three-way_01.tile","b1f8d419-63e7-445c-9c00-f6999bc2d114","b1f8d419-63e7-445c-9c00-f6999bc2d114.png","True","E:\SteamLibrary\steamapps\common\Scrap Mechanic\Survival\Terrain\Tiles\Road_Gravel_Three-way_01.tile","E:\SteamLibrary\steamapps\common\Scrap Mechanic\Survival\Terrain\Tiles\Road_Gravel_Three-way_01.tileson","","True"
"Road_Gravel+Dirt_Bendx2_01.tile","6c5ee017-7dda-4289-9949-545f81eb293a","6c5ee017-7dda-4289-9949-545f81eb293a.png","True","E:\SteamLibrary\steamapps\common\Scrap Mechanic\Survival\Terrain\Tiles\Road_Gravel+Dirt_Bendx2_01.tile","E:\SteamLibrary\steamapps\common\Scrap Mechanic\Survival\Terrain\Tiles\Road_Gravel+Dirt_Bendx2_01.tileson","","True"
"Road_Gravel+Dirt_Four-way_01.tile","79c8d78a-4703-4ccf-88ce-0086ea8ed4a1","79c8d78a-4703-4ccf-88ce-0086ea8ed4a1.png","True","E:\SteamLibrary\steamapps\common\Scrap Mechanic\Survival\Terrain\Tiles\Road_Gravel+Dirt_Four-way_01.tile","E:\SteamLibrary\steamapps\common\Scrap Mechanic\Survival\Terrain\Tiles\Road_Gravel+Dirt_Four-way_01.tileson","","True"
"Road_Gravel+Dirt_Straight_01.tile","8ad945d4-abb1-4a8b-b0c9-b4f376a8433c","8ad945d4-abb1-4a8b-b0c9-b4f376a8433c.png","True","E:\SteamLibrary\steamapps\common\Scrap Mechanic\Survival\Terrain\Tiles\Road_Gravel+Dirt_Straight_01.tile","E:\SteamLibrary\steamapps\common\Scrap Mechanic\Survival\Terrain\Tiles\Road_Gravel+Dirt_Straight_01.tileson","","True"
"Road_Gravel+Dirt_Three-way_01.tile","725be142-0341-49be-804d-13e7fbf20acd","725be142-0341-49be-804d-13e7fbf20acd.png","True","E:\SteamLibrary\steamapps\common\Scrap Mechanic\Survival\Terrain\Tiles\Road_Gravel+Dirt_Three-way_01.tile","E:\SteamLibrary\steamapps\common\Scrap Mechanic\Survival\Terrain\Tiles\Road_Gravel+Dirt_Three-way_01.tileson","","True"
"Road_Gravel+Dirt_Three-way_02.tile","c8421eba-a492-4aa3-8101-c4325d8bb12b","c8421eba-a492-4aa3-8101-c4325d8bb12b.png","True","E:\SteamLibrary\steamapps\common\Scrap Mechanic\Survival\Terrain\Tiles\Road_Gravel+Dirt_Three-way_02.tile","E:\SteamLibrary\steamapps\common\Scrap Mechanic\Survival\Terrain\Tiles\Road_Gravel+Dirt_Three-way_02.tileson","","True"
"Road_Gravel+Dirt_Three-way_03.tile","f6436fa1-690c-403a-a495-8536b8bbd3cf","f6436fa1-690c-403a-a495-8536b8bbd3cf.png","True","E:\SteamLibrary\steamapps\common\Scrap Mechanic\Survival\Terrain\Tiles\Road_Gravel+Dirt_Three-way_03.tile","E:\SteamLibrary\steamapps\common\Scrap Mechanic\Survival\Terrain\Tiles\Road_Gravel+Dirt_Three-way_03.tileson","","True"
"Cliff(0001)_01.tile","8738fcb1-2ebe-4a02-8691-e4691c7db390","8738fcb1-2ebe-4a02-8691-e4691c7db390.png","True","E:\SteamLibrary\steamapps\common\Scrap Mechanic\Survival\Terrain\Tiles\roads_and_cliffs\Cliff(0001)_01.tile","E:\SteamLibrary\steamapps\common\Scrap Mechanic\Survival\Terrain\Tiles\roads_and_cliffs\Cliff(0001)_01.tileson","roads_and_cliffs","True"
"Cliff(0001)_02.tile","03427a8b-ea62-4cb5-a13b-c544585b594a","03427a8b-ea62-4cb5-a13b-c544585b594a.png","True","E:\SteamLibrary\steamapps\common\Scrap Mechanic\Survival\Terrain\Tiles\roads_and_cliffs\Cliff(0001)_02.tile","E:\SteamLibrary\steamapps\common\Scrap Mechanic\Survival\Terrain\Tiles\roads_and_cliffs\Cliff(0001)_02.tileson","roads_and_cliffs","True"
"Cliff(0001)_03.tile","448095af-4b7e-4881-9613-9e048012281e","448095af-4b7e-4881-9613-9e048012281e.png","True","E:\SteamLibrary\steamapps\common\Scrap Mechanic\Survival\Terrain\Tiles\roads_and_cliffs\Cliff(0001)_03.tile","E:\SteamLibrary\steamapps\common\Scrap Mechanic\Survival\Terrain\Tiles\roads_and_cliffs\Cliff(0001)_03.tileson","roads_and_cliffs","True"
"Cliff(0001)_04.tile","806fd9b2-b78a-4abf-9b8f-ca877f50fe2c","806fd9b2-b78a-4abf-9b8f-ca877f50fe2c.png","True","E:\SteamLibrary\steamapps\common\Scrap Mechanic\Survival\Terrain\Tiles\roads_and_cliffs\Cliff(0001)_04.tile","E:\SteamLibrary\steamapps\common\Scrap Mechanic\Survival\Terrain\Tiles\roads_and_cliffs\Cliff(0001)_04.tileson","roads_and_cliffs","True"
"Cliff(0001)_05.tile","b0e53404-9f41-42c7-8ed2-88b839b672ee","b0e53404-9f41-42c7-8ed2-88b839b672ee.png","True","E:\SteamLibrary\steamapps\common\Scrap Mechanic\Survival\Terrain\Tiles\roads_and_cliffs\Cliff(0001)_05.tile","E:\SteamLibrary\steamapps\common\Scrap Mechanic\Survival\Terrain\Tiles\roads_and_cliffs\Cliff(0001)_05.tileson","roads_and_cliffs","True"
"Cliff(0001)_06.tile","e5326cf5-8832-4370-be57-34a12a4c5dd7","e5326cf5-8832-4370-be57-34a12a4c5dd7.png","True","E:\SteamLibrary\steamapps\common\Scrap Mechanic\Survival\Terrain\Tiles\roads_and_cliffs\Cliff(0001)_06.tile","E:\SteamLibrary\steamapps\common\Scrap Mechanic\Survival\Terrain\Tiles\roads_and_cliffs\Cliff(0001)_06.tileson","roads_and_cliffs","True"
"Cliff(0001)_07.tile","bd3064ce-d7eb-4fed-8b74-e5258581e13c","bd3064ce-d7eb-4fed-8b74-e5258581e13c.png","True","E:\SteamLibrary\steamapps\common\Scrap Mechanic\Survival\Terrain\Tiles\roads_and_cliffs\Cliff(0001)_07.tile","E:\SteamLibrary\steamapps\common\Scrap Mechanic\Survival\Terrain\Tiles\roads_and_cliffs\Cliff(0001)_07.tileson","roads_and_cliffs","True"
"Cliff(0002)_01.tile","c0b3adb3-1734-4811-84f7-06387f55fe34","c0b3adb3-1734-4811-84f7-06387f55fe34.png","True","E:\SteamLibrary\steamapps\common\Scrap Mechanic\Survival\Terrain\Tiles\roads_and_cliffs\Cliff(0002)_01.tile","E:\SteamLibrary\steamapps\common\Scrap Mechanic\Survival\Terrain\Tiles\roads_and_cliffs\Cliff(0002)_01.tileson","roads_and_cliffs","True"
"Cliff(0002)_02.tile","02aa25f6-7909-4cbf-97d7-dbb30a4046b8","02aa25f6-7909-4cbf-97d7-dbb30a4046b8.png","True","E:\SteamLibrary\steamapps\common\Scrap Mechanic\Survival\Terrain\Tiles\roads_and_cliffs\Cliff(0002)_02.tile","E:\SteamLibrary\steamapps\common\Scrap Mechanic\Survival\Terrain\Tiles\roads_and_cliffs\Cliff(0002)_02.tileson","roads_and_cliffs","True"
"Cliff(0002)_03.tile","0fb52e79-2ad5-46a9-a660-5a819a279be1","0fb52e79-2ad5-46a9-a660-5a819a279be1.png","True","E:\SteamLibrary\steamapps\common\Scrap Mechanic\Survival\Terrain\Tiles\roads_and_cliffs\Cliff(0002)_03.tile","E:\SteamLibrary\steamapps\common\Scrap Mechanic\Survival\Terrain\Tiles\roads_and_cliffs\Cliff(0002)_03.tileson","roads_and_cliffs","True"
"Cliff(0003)_01.tile","39909f9b-6b39-4e88-9b6b-b98a555828b3","39909f9b-6b39-4e88-9b6b-b98a555828b3.png","True","E:\SteamLibrary\steamapps\common\Scrap Mechanic\Survival\Terrain\Tiles\roads_and_cliffs\Cliff(0003)_01.tile","E:\SteamLibrary\steamapps\common\Scrap Mechanic\Survival\Terrain\Tiles\roads_and_cliffs\Cliff(0003)_01.tileson","roads_and_cliffs","True"
"Cliff(0003)_02.tile","cc3f4f2f-7af0-4f4b-a246-1f999d853f2d","cc3f4f2f-7af0-4f4b-a246-1f999d853f2d.png","True","E:\SteamLibrary\steamapps\common\Scrap Mechanic\Survival\Terrain\Tiles\roads_and_cliffs\Cliff(0003)_02.tile","E:\SteamLibrary\steamapps\common\Scrap Mechanic\Survival\Terrain\Tiles\roads_and_cliffs\Cliff(0003)_02.tileson","roads_and_cliffs","True"
"Cliff(0003)_03.tile","70396436-6b08-48e4-9ea0-c911ac94077c","70396436-6b08-48e4-9ea0-c911ac94077c.png","True","E:\SteamLibrary\steamapps\common\Scrap Mechanic\Survival\Terrain\Tiles\roads_and_cliffs\Cliff(0003)_03.tile","E:\SteamLibrary\steamapps\common\Scrap Mechanic\Survival\Terrain\Tiles\roads_and_cliffs\Cliff(0003)_03.tileson","roads_and_cliffs","True"
"Cliff(0011)_01.tile","6c4bbc3c-0307-4cd5-a064-8323da27a273","6c4bbc3c-0307-4cd5-a064-8323da27a273.png","True","E:\SteamLibrary\steamapps\common\Scrap Mechanic\Survival\Terrain\Tiles\roads_and_cliffs\Cliff(0011)_01.tile","E:\SteamLibrary\steamapps\common\Scrap Mechanic\Survival\Terrain\Tiles\roads_and_cliffs\Cliff(0011)_01.tileson","roads_and_cliffs","True"
"Cliff(0011)_02.tile","9a3467f8-d5fa-4487-9082-3492304a6ad2","9a3467f8-d5fa-4487-9082-3492304a6ad2.png","True","E:\SteamLibrary\steamapps\common\Scrap Mechanic\Survival\Terrain\Tiles\roads_and_cliffs\Cliff(0011)_02.tile","E:\SteamLibrary\steamapps\common\Scrap Mechanic\Survival\Terrain\Tiles\roads_and_cliffs\Cliff(0011)_02.tileson","roads_and_cliffs","True"
"Cliff(0011)_03.tile","803648ba-07af-4b54-bbbb-daeb791ea699","803648ba-07af-4b54-bbbb-daeb791ea699.png","True","E:\SteamLibrary\steamapps\common\Scrap Mechanic\Survival\Terrain\Tiles\roads_and_cliffs\Cliff(0011)_03.tile","E:\SteamLibrary\steamapps\common\Scrap Mechanic\Survival\Terrain\Tiles\roads_and_cliffs\Cliff(0011)_03.tileson","roads_and_cliffs","True"
"Cliff(0011)_04.tile","7d1a44be-e5ae-4490-a543-7d401d527556","7d1a44be-e5ae-4490-a543-7d401d527556.png","True","E:\SteamLibrary\steamapps\common\Scrap Mechanic\Survival\Terrain\Tiles\roads_and_cliffs\Cliff(0011)_04.tile","E:\SteamLibrary\steamapps\common\Scrap Mechanic\Survival\Terrain\Tiles\roads_and_cliffs\Cliff(0011)_04.tileson","roads_and_cliffs","True"
"Cliff(0011)_05.tile","95d99dc6-fbf0-45f6-b5b6-f007eca2d02b","95d99dc6-fbf0-45f6-b5b6-f007eca2d02b.png","True","E:\SteamLibrary\steamapps\common\Scrap Mechanic\Survival\Terrain\Tiles\roads_and_cliffs\Cliff(0011)_05.tile","E:\SteamLibrary\steamapps\common\Scrap Mechanic\Survival\Terrain\Tiles\roads_and_cliffs\Cliff(0011)_05.tileson","roads_and_cliffs","True"
"Cliff(0011)_06.tile","464052ff-2fcf-48bf-bc4f-bec379484ddb","464052ff-2fcf-48bf-bc4f-bec379484ddb.png","True","E:\SteamLibrary\steamapps\common\Scrap Mechanic\Survival\Terrain\Tiles\roads_and_cliffs\Cliff(0011)_06.tile","E:\SteamLibrary\steamapps\common\Scrap Mechanic\Survival\Terrain\Tiles\roads_and_cliffs\Cliff(0011)_06.tileson","roads_and_cliffs","True"
"Cliff(0011)_07.tile","0f0b04f6-218d-4601-90c5-49621f599dab","0f0b04f6-218d-4601-90c5-49621f599dab.png","True","E:\SteamLibrary\steamapps\common\Scrap Mechanic\Survival\Terrain\Tiles\roads_and_cliffs\Cliff(0011)_07.tile","E:\SteamLibrary\steamapps\common\Scrap Mechanic\Survival\Terrain\Tiles\roads_and_cliffs\Cliff(0011)_07.tileson","roads_and_cliffs","True"
"Cliff(0011)_08.tile","40abd082-f508-4941-b2a0-c8a7f7be77f2","40abd082-f508-4941-b2a0-c8a7f7be77f2.png","True","E:\SteamLibrary\steamapps\common\Scrap Mechanic\Survival\Terrain\Tiles\roads_and_cliffs\Cliff(0011)_08.tile","E:\SteamLibrary\steamapps\common\Scrap Mechanic\Survival\Terrain\Tiles\roads_and_cliffs\Cliff(0011)_08.tileson","roads_and_cliffs","True"
"Cliff(0011)_09.tile","641b0d7d-bb36-43e3-b3fc-c60f731b99ff","641b0d7d-bb36-43e3-b3fc-c60f731b99ff.png","True","E:\SteamLibrary\steamapps\common\Scrap Mechanic\Survival\Terrain\Tiles\roads_and_cliffs\Cliff(0011)_09.tile","E:\SteamLibrary\steamapps\common\Scrap Mechanic\Survival\Terrain\Tiles\roads_and_cliffs\Cliff(0011)_09.tileson","roads_and_cliffs","True"
"Cliff(0011)_10.tile","be125375-f72b-45da-9f5a-897e82c851dd","be125375-f72b-45da-9f5a-897e82c851dd.png","True","E:\SteamLibrary\steamapps\common\Scrap Mechanic\Survival\Terrain\Tiles\roads_and_cliffs\Cliff(0011)_10.tile","E:\SteamLibrary\steamapps\common\Scrap Mechanic\Survival\Terrain\Tiles\roads_and_cliffs\Cliff(0011)_10.tileson","roads_and_cliffs","True"
"Cliff(0012)_01.tile","a0542330-ca51-4979-8343-6f95fe0fbf0e","a0542330-ca51-4979-8343-6f95fe0fbf0e.png","True","E:\SteamLibrary\steamapps\common\Scrap Mechanic\Survival\Terrain\Tiles\roads_and_cliffs\Cliff(0012)_01.tile","E:\SteamLibrary\steamapps\common\Scrap Mechanic\Survival\Terrain\Tiles\roads_and_cliffs\Cliff(0012)_01.tileson","roads_and_cliffs","True"
"Cliff(0012)_02.tile","ef731c91-15c5-404f-84fe-a45cbb6a6526","ef731c91-15c5-404f-84fe-a45cbb6a6526.png","True","E:\SteamLibrary\steamapps\common\Scrap Mechanic\Survival\Terrain\Tiles\roads_and_cliffs\Cliff(0012)_02.tile","E:\SteamLibrary\steamapps\common\Scrap Mechanic\Survival\Terrain\Tiles\roads_and_cliffs\Cliff(0012)_02.tileson","roads_and_cliffs","True"
"Cliff(0013)_01.tile","e71a12de-1707-44f2-b717-25b746d58d69","e71a12de-1707-44f2-b717-25b746d58d69.png","True","E:\SteamLibrary\steamapps\common\Scrap Mechanic\Survival\Terrain\Tiles\roads_and_cliffs\Cliff(0013)_01.tile","E:\SteamLibrary\steamapps\common\Scrap Mechanic\Survival\Terrain\Tiles\roads_and_cliffs\Cliff(0013)_01.tileson","roads_and_cliffs","True"
"Cliff(0021)_01.tile","52204506-c890-4166-b121-0ccf895f6a2f","52204506-c890-4166-b121-0ccf895f6a2f.png","True","E:\SteamLibrary\steamapps\common\Scrap Mechanic\Survival\Terrain\Tiles\roads_and_cliffs\Cliff(0021)_01.tile","E:\SteamLibrary\steamapps\common\Scrap Mechanic\Survival\Terrain\Tiles\roads_and_cliffs\Cliff(0021)_01.tileson","roads_and_cliffs","True"
"Cliff(0021)_02.tile","c3fd518d-f0dd-4b2b-8520-882aef24bbfb","c3fd518d-f0dd-4b2b-8520-882aef24bbfb.png","True","E:\SteamLibrary\steamapps\common\Scrap Mechanic\Survival\Terrain\Tiles\roads_and_cliffs\Cliff(0021)_02.tile","E:\SteamLibrary\steamapps\common\Scrap Mechanic\Survival\Terrain\Tiles\roads_and_cliffs\Cliff(0021)_02.tileson","roads_and_cliffs","True"
"Cliff(0022)_01.tile","e3adcc13-711f-4d7d-b7a3-60b063471de7","e3adcc13-711f-4d7d-b7a3-60b063471de7.png","True","E:\SteamLibrary\steamapps\common\Scrap Mechanic\Survival\Terrain\Tiles\roads_and_cliffs\Cliff(0022)_01.tile","E:\SteamLibrary\steamapps\common\Scrap Mechanic\Survival\Terrain\Tiles\roads_and_cliffs\Cliff(0022)_01.tileson","roads_and_cliffs","True"
"Cliff(0022)_02.tile","dc08271f-f642-4654-b537-3fd49aae3e3c","dc08271f-f642-4654-b537-3fd49aae3e3c.png","True","E:\SteamLibrary\steamapps\common\Scrap Mechanic\Survival\Terrain\Tiles\roads_and_cliffs\Cliff(0022)_02.tile","E:\SteamLibrary\steamapps\common\Scrap Mechanic\Survival\Terrain\Tiles\roads_and_cliffs\Cliff(0022)_02.tileson","roads_and_cliffs","True"
"Cliff(0022)_03.tile","f901e45b-dc8b-4d64-b57e-e8914cb4685f","f901e45b-dc8b-4d64-b57e-e8914cb4685f.png","True","E:\SteamLibrary\steamapps\common\Scrap Mechanic\Survival\Terrain\Tiles\roads_and_cliffs\Cliff(0022)_03.tile","E:\SteamLibrary\steamapps\common\Scrap Mechanic\Survival\Terrain\Tiles\roads_and_cliffs\Cliff(0022)_03.tileson","roads_and_cliffs","True"
"Cliff(0022)_04.tile","a4232105-000f-4d10-8c29-10b2ef53ecdf","a4232105-000f-4d10-8c29-10b2ef53ecdf.png","True","E:\SteamLibrary\steamapps\common\Scrap Mechanic\Survival\Terrain\Tiles\roads_and_cliffs\Cliff(0022)_04.tile","E:\SteamLibrary\steamapps\common\Scrap Mechanic\Survival\Terrain\Tiles\roads_and_cliffs\Cliff(0022)_04.tileson","roads_and_cliffs","True"
"Cliff(0022)_05.tile","0b3aaaad-6380-445a-bbfd-efbb4f755ee0","0b3aaaad-6380-445a-bbfd-efbb4f755ee0.png","True","E:\SteamLibrary\steamapps\common\Scrap Mechanic\Survival\Terrain\Tiles\roads_and_cliffs\Cliff(0022)_05.tile","E:\SteamLibrary\steamapps\common\Scrap Mechanic\Survival\Terrain\Tiles\roads_and_cliffs\Cliff(0022)_05.tileson","roads_and_cliffs","True"
"Cliff(0022)_06.tile","ebc95cf8-7c08-4d58-9f80-e2f28165f896","ebc95cf8-7c08-4d58-9f80-e2f28165f896.png","True","E:\SteamLibrary\steamapps\common\Scrap Mechanic\Survival\Terrain\Tiles\roads_and_cliffs\Cliff(0022)_06.tile","E:\SteamLibrary\steamapps\common\Scrap Mechanic\Survival\Terrain\Tiles\roads_and_cliffs\Cliff(0022)_06.tileson","roads_and_cliffs","True"
"Cliff(0022)_07.tile","7a72b21d-9ed7-4110-8d88-ff79c92fe75a","7a72b21d-9ed7-4110-8d88-ff79c92fe75a.png","True","E:\SteamLibrary\steamapps\common\Scrap Mechanic\Survival\Terrain\Tiles\roads_and_cliffs\Cliff(0022)_07.tile","E:\SteamLibrary\steamapps\common\Scrap Mechanic\Survival\Terrain\Tiles\roads_and_cliffs\Cliff(0022)_07.tileson","roads_and_cliffs","True"
"Cliff(0023)_01.tile","8e50712a-aafa-4ac6-b3b1-b608343a7cfb","8e50712a-aafa-4ac6-b3b1-b608343a7cfb.png","True","E:\SteamLibrary\steamapps\common\Scrap Mechanic\Survival\Terrain\Tiles\roads_and_cliffs\Cliff(0023)_01.tile","E:\SteamLibrary\steamapps\common\Scrap Mechanic\Survival\Terrain\Tiles\roads_and_cliffs\Cliff(0023)_01.tileson","roads_and_cliffs","True"
"Cliff(0031)_01.tile","879f2a3a-7b54-4b52-a069-a6b219249465","879f2a3a-7b54-4b52-a069-a6b219249465.png","True","E:\SteamLibrary\steamapps\common\Scrap Mechanic\Survival\Terrain\Tiles\roads_and_cliffs\Cliff(0031)_01.tile","E:\SteamLibrary\steamapps\common\Scrap Mechanic\Survival\Terrain\Tiles\roads_and_cliffs\Cliff(0031)_01.tileson","roads_and_cliffs","True"
"Cliff(0032)_01.tile","3c11d4da-c8c2-4a37-9cb8-970cbade75a6","3c11d4da-c8c2-4a37-9cb8-970cbade75a6.png","True","E:\SteamLibrary\steamapps\common\Scrap Mechanic\Survival\Terrain\Tiles\roads_and_cliffs\Cliff(0032)_01.tile","E:\SteamLibrary\steamapps\common\Scrap Mechanic\Survival\Terrain\Tiles\roads_and_cliffs\Cliff(0032)_01.tileson","roads_and_cliffs","True"
"Cliff(0033)_01.tile","5a579cdd-d72d-4848-a9d3-a7d177a0f11b","5a579cdd-d72d-4848-a9d3-a7d177a0f11b.png","True","E:\SteamLibrary\steamapps\common\Scrap Mechanic\Survival\Terrain\Tiles\roads_and_cliffs\Cliff(0033)_01.tile","E:\SteamLibrary\steamapps\common\Scrap Mechanic\Survival\Terrain\Tiles\roads_and_cliffs\Cliff(0033)_01.tileson","roads_and_cliffs","True"
"Cliff(0033)_02.tile","e74d0b3c-77f1-4bc8-8792-091c8b05af97","e74d0b3c-77f1-4bc8-8792-091c8b05af97.png","True","E:\SteamLibrary\steamapps\common\Scrap Mechanic\Survival\Terrain\Tiles\roads_and_cliffs\Cliff(0033)_02.tile","E:\SteamLibrary\steamapps\common\Scrap Mechanic\Survival\Terrain\Tiles\roads_and_cliffs\Cliff(0033)_02.tileson","roads_and_cliffs","True"
"Cliff(0033)_03.tile","c66b3b3b-f28b-4d69-baac-996a8e3d21c8","c66b3b3b-f28b-4d69-baac-996a8e3d21c8.png","True","E:\SteamLibrary\steamapps\common\Scrap Mechanic\Survival\Terrain\Tiles\roads_and_cliffs\Cliff(0033)_03.tile","E:\SteamLibrary\steamapps\common\Scrap Mechanic\Survival\Terrain\Tiles\roads_and_cliffs\Cliff(0033)_03.tileson","roads_and_cliffs","True"
"Cliff(0033)_04.tile","e3a55ae8-afa8-42e0-b2b6-f76ecbce4b32","e3a55ae8-afa8-42e0-b2b6-f76ecbce4b32.png","True","E:\SteamLibrary\steamapps\common\Scrap Mechanic\Survival\Terrain\Tiles\roads_and_cliffs\Cliff(0033)_04.tile","E:\SteamLibrary\steamapps\common\Scrap Mechanic\Survival\Terrain\Tiles\roads_and_cliffs\Cliff(0033)_04.tileson","roads_and_cliffs","True"
"Cliff(0033)_05.tile","d28a3c3c-f7eb-431a-945a-fc165474b8e1","d28a3c3c-f7eb-431a-945a-fc165474b8e1.png","True","E:\SteamLibrary\steamapps\common\Scrap Mechanic\Survival\Terrain\Tiles\roads_and_cliffs\Cliff(0033)_05.tile","E:\SteamLibrary\steamapps\common\Scrap Mechanic\Survival\Terrain\Tiles\roads_and_cliffs\Cliff(0033)_05.tileson","roads_and_cliffs","True"
"Cliff(0033)_06.tile","d07854aa-c8c2-4003-a8bb-5aa481ef081a","d07854aa-c8c2-4003-a8bb-5aa481ef081a.png","True","E:\SteamLibrary\steamapps\common\Scrap Mechanic\Survival\Terrain\Tiles\roads_and_cliffs\Cliff(0033)_06.tile","E:\SteamLibrary\steamapps\common\Scrap Mechanic\Survival\Terrain\Tiles\roads_and_cliffs\Cliff(0033)_06.tileson","roads_and_cliffs","True"
"Cliff(0033)_07.tile","b77b84bd-fcf7-4611-ac2a-22b331982311","b77b84bd-fcf7-4611-ac2a-22b331982311.png","True","E:\SteamLibrary\steamapps\common\Scrap Mechanic\Survival\Terrain\Tiles\roads_and_cliffs\Cliff(0033)_07.tile","E:\SteamLibrary\steamapps\common\Scrap Mechanic\Survival\Terrain\Tiles\roads_and_cliffs\Cliff(0033)_07.tileson","roads_and_cliffs","True"
"Cliff(0101)_01.tile","320e4f1c-f27d-4a8e-b763-a8f67a822b7f","320e4f1c-f27d-4a8e-b763-a8f67a822b7f.png","True","E:\SteamLibrary\steamapps\common\Scrap Mechanic\Survival\Terrain\Tiles\roads_and_cliffs\Cliff(0101)_01.tile","E:\SteamLibrary\steamapps\common\Scrap Mechanic\Survival\Terrain\Tiles\roads_and_cliffs\Cliff(0101)_01.tileson","roads_and_cliffs","True"
"Cliff(0101)_02.tile","6fe5886f-c571-413c-9868-ef7b826c5255","6fe5886f-c571-413c-9868-ef7b826c5255.png","True","E:\SteamLibrary\steamapps\common\Scrap Mechanic\Survival\Terrain\Tiles\roads_and_cliffs\Cliff(0101)_02.tile","E:\SteamLibrary\steamapps\common\Scrap Mechanic\Survival\Terrain\Tiles\roads_and_cliffs\Cliff(0101)_02.tileson","roads_and_cliffs","True"
"Cliff(0102)_01.tile","967a2a8b-8578-4f12-ada9-41c1e4a7b25c","967a2a8b-8578-4f12-ada9-41c1e4a7b25c.png","True","E:\SteamLibrary\steamapps\common\Scrap Mechanic\Survival\Terrain\Tiles\roads_and_cliffs\Cliff(0102)_01.tile","E:\SteamLibrary\steamapps\common\Scrap Mechanic\Survival\Terrain\Tiles\roads_and_cliffs\Cliff(0102)_01.tileson","roads_and_cliffs","True"
"Cliff(0103)_01.tile","48f54a64-6e5c-4c65-bf3d-9af0fe944afd","48f54a64-6e5c-4c65-bf3d-9af0fe944afd.png","True","E:\SteamLibrary\steamapps\common\Scrap Mechanic\Survival\Terrain\Tiles\roads_and_cliffs\Cliff(0103)_01.tile","E:\SteamLibrary\steamapps\common\Scrap Mechanic\Survival\Terrain\Tiles\roads_and_cliffs\Cliff(0103)_01.tileson","roads_and_cliffs","True"
"Cliff(0111)_01.tile","98316424-7d8f-46a2-9944-8dfe88af1b2d","98316424-7d8f-46a2-9944-8dfe88af1b2d.png","True","E:\SteamLibrary\steamapps\common\Scrap Mechanic\Survival\Terrain\Tiles\roads_and_cliffs\Cliff(0111)_01.tile","E:\SteamLibrary\steamapps\common\Scrap Mechanic\Survival\Terrain\Tiles\roads_and_cliffs\Cliff(0111)_01.tileson","roads_and_cliffs","True"
"Cliff(0111)_02.tile","cff86f22-ce1d-43f8-bbbc-0ff700f47ca5","cff86f22-ce1d-43f8-bbbc-0ff700f47ca5.png","True","E:\SteamLibrary\steamapps\common\Scrap Mechanic\Survival\Terrain\Tiles\roads_and_cliffs\Cliff(0111)_02.tile","E:\SteamLibrary\steamapps\common\Scrap Mechanic\Survival\Terrain\Tiles\roads_and_cliffs\Cliff(0111)_02.tileson","roads_and_cliffs","True"
"Cliff(0111)_03.tile","463c644f-cf12-412c-8691-be31d733fdf4","463c644f-cf12-412c-8691-be31d733fdf4.png","True","E:\SteamLibrary\steamapps\common\Scrap Mechanic\Survival\Terrain\Tiles\roads_and_cliffs\Cliff(0111)_03.tile","E:\SteamLibrary\steamapps\common\Scrap Mechanic\Survival\Terrain\Tiles\roads_and_cliffs\Cliff(0111)_03.tileson","roads_and_cliffs","True"
"Cliff(0112)_01.tile","b0f68ed9-1dd2-4980-adf1-b5633b5a59dc","b0f68ed9-1dd2-4980-adf1-b5633b5a59dc.png","True","E:\SteamLibrary\steamapps\common\Scrap Mechanic\Survival\Terrain\Tiles\roads_and_cliffs\Cliff(0112)_01.tile","E:\SteamLibrary\steamapps\common\Scrap Mechanic\Survival\Terrain\Tiles\roads_and_cliffs\Cliff(0112)_01.tileson","roads_and_cliffs","True"
"Cliff(0113)_01.tile","a4fb1ea7-b5d8-4d28-be10-9766abe63cef","a4fb1ea7-b5d8-4d28-be10-9766abe63cef.png","True","E:\SteamLibrary\steamapps\common\Scrap Mechanic\Survival\Terrain\Tiles\roads_and_cliffs\Cliff(0113)_01.tile","E:\SteamLibrary\steamapps\common\Scrap Mechanic\Survival\Terrain\Tiles\roads_and_cliffs\Cliff(0113)_01.tileson","roads_and_cliffs","True"
"Cliff(0121)_01.tile","f2702fae-3a2c-4a58-b9ce-02efc0c15d96","f2702fae-3a2c-4a58-b9ce-02efc0c15d96.png","True","E:\SteamLibrary\steamapps\common\Scrap Mechanic\Survival\Terrain\Tiles\roads_and_cliffs\Cliff(0121)_01.tile","E:\SteamLibrary\steamapps\common\Scrap Mechanic\Survival\Terrain\Tiles\roads_and_cliffs\Cliff(0121)_01.tileson","roads_and_cliffs","True"
"Cliff(0121)_02.tile","45ca04f1-a554-4449-8007-7aa37bfc732b","45ca04f1-a554-4449-8007-7aa37bfc732b.png","True","E:\SteamLibrary\steamapps\common\Scrap Mechanic\Survival\Terrain\Tiles\roads_and_cliffs\Cliff(0121)_02.tile","E:\SteamLibrary\steamapps\common\Scrap Mechanic\Survival\Terrain\Tiles\roads_and_cliffs\Cliff(0121)_02.tileson","roads_and_cliffs","True"
"Cliff(0121)_03.tile","75579044-cfd6-4ce3-a638-b06ea38b9fd5","75579044-cfd6-4ce3-a638-b06ea38b9fd5.png","True","E:\SteamLibrary\steamapps\common\Scrap Mechanic\Survival\Terrain\Tiles\roads_and_cliffs\Cliff(0121)_03.tile","E:\SteamLibrary\steamapps\common\Scrap Mechanic\Survival\Terrain\Tiles\roads_and_cliffs\Cliff(0121)_03.tileson","roads_and_cliffs","True"
"Cliff(0122)_01.tile","52586c40-251d-4b2f-aa4e-e7fab5c7eb1d","52586c40-251d-4b2f-aa4e-e7fab5c7eb1d.png","True","E:\SteamLibrary\steamapps\common\Scrap Mechanic\Survival\Terrain\Tiles\roads_and_cliffs\Cliff(0122)_01.tile","E:\SteamLibrary\steamapps\common\Scrap Mechanic\Survival\Terrain\Tiles\roads_and_cliffs\Cliff(0122)_01.tileson","roads_and_cliffs","True"
"Cliff(0122)_02.tile","7e2ffbc8-f050-44b3-bcc5-00b9a79e7800","7e2ffbc8-f050-44b3-bcc5-00b9a79e7800.png","True","E:\SteamLibrary\steamapps\common\Scrap Mechanic\Survival\Terrain\Tiles\roads_and_cliffs\Cliff(0122)_02.tile","E:\SteamLibrary\steamapps\common\Scrap Mechanic\Survival\Terrain\Tiles\roads_and_cliffs\Cliff(0122)_02.tileson","roads_and_cliffs","True"
"Cliff(0123)_01.tile","c40558d3-9855-457f-9ba3-ee8d45b48c4b","c40558d3-9855-457f-9ba3-ee8d45b48c4b.png","True","E:\SteamLibrary\steamapps\common\Scrap Mechanic\Survival\Terrain\Tiles\roads_and_cliffs\Cliff(0123)_01.tile","E:\SteamLibrary\steamapps\common\Scrap Mechanic\Survival\Terrain\Tiles\roads_and_cliffs\Cliff(0123)_01.tileson","roads_and_cliffs","True"
"Cliff(0131)_01.tile","0df21966-6aab-4045-b0b8-506b7e6a0e42","0df21966-6aab-4045-b0b8-506b7e6a0e42.png","True","E:\SteamLibrary\steamapps\common\Scrap Mechanic\Survival\Terrain\Tiles\roads_and_cliffs\Cliff(0131)_01.tile","E:\SteamLibrary\steamapps\common\Scrap Mechanic\Survival\Terrain\Tiles\roads_and_cliffs\Cliff(0131)_01.tileson","roads_and_cliffs","True"
"Cliff(0132)_01.tile","76add552-5c6f-438b-bfc0-1227edb3be2b","76add552-5c6f-438b-bfc0-1227edb3be2b.png","True","E:\SteamLibrary\steamapps\common\Scrap Mechanic\Survival\Terrain\Tiles\roads_and_cliffs\Cliff(0132)_01.tile","E:\SteamLibrary\steamapps\common\Scrap Mechanic\Survival\Terrain\Tiles\roads_and_cliffs\Cliff(0132)_01.tileson","roads_and_cliffs","True"
"Cliff(0132)_02.tile","d58cec11-fb42-4dca-9449-f9d30cbca41d","d58cec11-fb42-4dca-9449-f9d30cbca41d.png","True","E:\SteamLibrary\steamapps\common\Scrap Mechanic\Survival\Terrain\Tiles\roads_and_cliffs\Cliff(0132)_02.tile","E:\SteamLibrary\steamapps\common\Scrap Mechanic\Survival\Terrain\Tiles\roads_and_cliffs\Cliff(0132)_02.tileson","roads_and_cliffs","True"
"Cliff(0133)_01.tile","4faf2d7e-eb1b-4b5e-9636-65bfc3da3d8f","4faf2d7e-eb1b-4b5e-9636-65bfc3da3d8f.png","True","E:\SteamLibrary\steamapps\common\Scrap Mechanic\Survival\Terrain\Tiles\roads_and_cliffs\Cliff(0133)_01.tile","E:\SteamLibrary\steamapps\common\Scrap Mechanic\Survival\Terrain\Tiles\roads_and_cliffs\Cliff(0133)_01.tileson","roads_and_cliffs","True"
"Cliff(0202)_01.tile","22df3311-c626-4872-9aca-d9ebf89f9550","22df3311-c626-4872-9aca-d9ebf89f9550.png","True","E:\SteamLibrary\steamapps\common\Scrap Mechanic\Survival\Terrain\Tiles\roads_and_cliffs\Cliff(0202)_01.tile","E:\SteamLibrary\steamapps\common\Scrap Mechanic\Survival\Terrain\Tiles\roads_and_cliffs\Cliff(0202)_01.tileson","roads_and_cliffs","True"
"Cliff(0203)_01.tile","4202cbde-18e0-4411-8c2a-e017eb7bcc38","4202cbde-18e0-4411-8c2a-e017eb7bcc38.png","True","E:\SteamLibrary\steamapps\common\Scrap Mechanic\Survival\Terrain\Tiles\roads_and_cliffs\Cliff(0203)_01.tile","E:\SteamLibrary\steamapps\common\Scrap Mechanic\Survival\Terrain\Tiles\roads_and_cliffs\Cliff(0203)_01.tileson","roads_and_cliffs","True"
"Cliff(0211)_01.tile","36b4a8a3-5696-461c-b5bf-76be5b717300","36b4a8a3-5696-461c-b5bf-76be5b717300.png","True","E:\SteamLibrary\steamapps\common\Scrap Mechanic\Survival\Terrain\Tiles\roads_and_cliffs\Cliff(0211)_01.tile","E:\SteamLibrary\steamapps\common\Scrap Mechanic\Survival\Terrain\Tiles\roads_and_cliffs\Cliff(0211)_01.tileson","roads_and_cliffs","True"
"Cliff(0212)_01.tile","b4968c7c-47ca-408a-a444-d7f9e4e3550b","b4968c7c-47ca-408a-a444-d7f9e4e3550b.png","True","E:\SteamLibrary\steamapps\common\Scrap Mechanic\Survival\Terrain\Tiles\roads_and_cliffs\Cliff(0212)_01.tile","E:\SteamLibrary\steamapps\common\Scrap Mechanic\Survival\Terrain\Tiles\roads_and_cliffs\Cliff(0212)_01.tileson","roads_and_cliffs","True"
"Cliff(0213)_01.tile","657d01e7-ecc6-4a3c-9f4f-795233d29e08","657d01e7-ecc6-4a3c-9f4f-795233d29e08.png","True","E:\SteamLibrary\steamapps\common\Scrap Mechanic\Survival\Terrain\Tiles\roads_and_cliffs\Cliff(0213)_01.tile","E:\SteamLibrary\steamapps\common\Scrap Mechanic\Survival\Terrain\Tiles\roads_and_cliffs\Cliff(0213)_01.tileson","roads_and_cliffs","True"
"Cliff(0221)_01.tile","d7d6740c-4fd5-4455-8649-abefdcb4ba56","d7d6740c-4fd5-4455-8649-abefdcb4ba56.png","True","E:\SteamLibrary\steamapps\common\Scrap Mechanic\Survival\Terrain\Tiles\roads_and_cliffs\Cliff(0221)_01.tile","E:\SteamLibrary\steamapps\common\Scrap Mechanic\Survival\Terrain\Tiles\roads_and_cliffs\Cliff(0221)_01.tileson","roads_and_cliffs","True"
"Cliff(0221)_02.tile","ca98351a-2a56-4c49-aa91-3c8a69b20768","ca98351a-2a56-4c49-aa91-3c8a69b20768.png","True","E:\SteamLibrary\steamapps\common\Scrap Mechanic\Survival\Terrain\Tiles\roads_and_cliffs\Cliff(0221)_02.tile","E:\SteamLibrary\steamapps\common\Scrap Mechanic\Survival\Terrain\Tiles\roads_and_cliffs\Cliff(0221)_02.tileson","roads_and_cliffs","True"
"Cliff(0222)_01.tile","2ebb634a-32d0-424b-bcb1-93d3efe10429","2ebb634a-32d0-424b-bcb1-93d3efe10429.png","True","E:\SteamLibrary\steamapps\common\Scrap Mechanic\Survival\Terrain\Tiles\roads_and_cliffs\Cliff(0222)_01.tile","E:\SteamLibrary\steamapps\common\Scrap Mechanic\Survival\Terrain\Tiles\roads_and_cliffs\Cliff(0222)_01.tileson","roads_and_cliffs","True"
"Cliff(0223)_01.tile","f8a2fe56-3bdc-4433-b55a-4f68a2d461b1","f8a2fe56-3bdc-4433-b55a-4f68a2d461b1.png","True","E:\SteamLibrary\steamapps\common\Scrap Mechanic\Survival\Terrain\Tiles\roads_and_cliffs\Cliff(0223)_01.tile","E:\SteamLibrary\steamapps\common\Scrap Mechanic\Survival\Terrain\Tiles\roads_and_cliffs\Cliff(0223)_01.tileson","roads_and_cliffs","True"
"Cliff(0231)_01.tile","ad72ac19-cb5e-42f3-92b3-ef74f66ea62a","ad72ac19-cb5e-42f3-92b3-ef74f66ea62a.png","True","E:\SteamLibrary\steamapps\common\Scrap Mechanic\Survival\Terrain\Tiles\roads_and_cliffs\Cliff(0231)_01.tile","E:\SteamLibrary\steamapps\common\Scrap Mechanic\Survival\Terrain\Tiles\roads_and_cliffs\Cliff(0231)_01.tileson","roads_and_cliffs","True"
"Cliff(0232)_01.tile","ab91009b-4d27-414e-8282-ec8699ae1354","ab91009b-4d27-414e-8282-ec8699ae1354.png","True","E:\SteamLibrary\steamapps\common\Scrap Mechanic\Survival\Terrain\Tiles\roads_and_cliffs\Cliff(0232)_01.tile","E:\SteamLibrary\steamapps\common\Scrap Mechanic\Survival\Terrain\Tiles\roads_and_cliffs\Cliff(0232)_01.tileson","roads_and_cliffs","True"
"Cliff(0233)_01.tile","be39401b-39f1-4b1f-b458-d76598d2b257","be39401b-39f1-4b1f-b458-d76598d2b257.png","True","E:\SteamLibrary\steamapps\common\Scrap Mechanic\Survival\Terrain\Tiles\roads_and_cliffs\Cliff(0233)_01.tile","E:\SteamLibrary\steamapps\common\Scrap Mechanic\Survival\Terrain\Tiles\roads_and_cliffs\Cliff(0233)_01.tileson","roads_and_cliffs","True"
"Cliff(0303)_01.tile","062f6f8d-e04e-4d7f-a839-69aca76cd47c","062f6f8d-e04e-4d7f-a839-69aca76cd47c.png","True","E:\SteamLibrary\steamapps\common\Scrap Mechanic\Survival\Terrain\Tiles\roads_and_cliffs\Cliff(0303)_01.tile","E:\SteamLibrary\steamapps\common\Scrap Mechanic\Survival\Terrain\Tiles\roads_and_cliffs\Cliff(0303)_01.tileson","roads_and_cliffs","True"
"Cliff(0311)_01.tile","b7b2d57b-4d0a-4f55-aa64-b25b8a4f4633","b7b2d57b-4d0a-4f55-aa64-b25b8a4f4633.png","True","E:\SteamLibrary\steamapps\common\Scrap Mechanic\Survival\Terrain\Tiles\roads_and_cliffs\Cliff(0311)_01.tile","E:\SteamLibrary\steamapps\common\Scrap Mechanic\Survival\Terrain\Tiles\roads_and_cliffs\Cliff(0311)_01.tileson","roads_and_cliffs","True"
"Cliff(0312)_01.tile","c583831c-7c8c-4398-838e-bf7539265eb5","c583831c-7c8c-4398-838e-bf7539265eb5.png","True","E:\SteamLibrary\steamapps\common\Scrap Mechanic\Survival\Terrain\Tiles\roads_and_cliffs\Cliff(0312)_01.tile","E:\SteamLibrary\steamapps\common\Scrap Mechanic\Survival\Terrain\Tiles\roads_and_cliffs\Cliff(0312)_01.tileson","roads_and_cliffs","True"
"Cliff(0313)_01.tile","7b7addcf-171f-42c2-8fb6-af677d69b045","7b7addcf-171f-42c2-8fb6-af677d69b045.png","True","E:\SteamLibrary\steamapps\common\Scrap Mechanic\Survival\Terrain\Tiles\roads_and_cliffs\Cliff(0313)_01.tile","E:\SteamLibrary\steamapps\common\Scrap Mechanic\Survival\Terrain\Tiles\roads_and_cliffs\Cliff(0313)_01.tileson","roads_and_cliffs","True"
"Cliff(0321)_01.tile","49baca4b-5aca-4d0d-b719-03603238e856","49baca4b-5aca-4d0d-b719-03603238e856.png","True","E:\SteamLibrary\steamapps\common\Scrap Mechanic\Survival\Terrain\Tiles\roads_and_cliffs\Cliff(0321)_01.tile","E:\SteamLibrary\steamapps\common\Scrap Mechanic\Survival\Terrain\Tiles\roads_and_cliffs\Cliff(0321)_01.tileson","roads_and_cliffs","True"
"Cliff(0322)_01.tile","eac6168e-5fe9-47f2-9031-a93efe008a28","eac6168e-5fe9-47f2-9031-a93efe008a28.png","True","E:\SteamLibrary\steamapps\common\Scrap Mechanic\Survival\Terrain\Tiles\roads_and_cliffs\Cliff(0322)_01.tile","E:\SteamLibrary\steamapps\common\Scrap Mechanic\Survival\Terrain\Tiles\roads_and_cliffs\Cliff(0322)_01.tileson","roads_and_cliffs","True"
"Cliff(0323)_01.tile","76f90b37-08fc-4433-a646-642adc6b3bf1","76f90b37-08fc-4433-a646-642adc6b3bf1.png","True","E:\SteamLibrary\steamapps\common\Scrap Mechanic\Survival\Terrain\Tiles\roads_and_cliffs\Cliff(0323)_01.tile","E:\SteamLibrary\steamapps\common\Scrap Mechanic\Survival\Terrain\Tiles\roads_and_cliffs\Cliff(0323)_01.tileson","roads_and_cliffs","True"
"Cliff(0331)_01.tile","2f4ba29a-c09a-43f7-ac95-012f9e31b307","2f4ba29a-c09a-43f7-ac95-012f9e31b307.png","True","E:\SteamLibrary\steamapps\common\Scrap Mechanic\Survival\Terrain\Tiles\roads_and_cliffs\Cliff(0331)_01.tile","E:\SteamLibrary\steamapps\common\Scrap Mechanic\Survival\Terrain\Tiles\roads_and_cliffs\Cliff(0331)_01.tileson","roads_and_cliffs","True"
"Cliff(0332)_01.tile","d7ac5317-777e-4351-9101-b56a660b7bfc","d7ac5317-777e-4351-9101-b56a660b7bfc.png","True","E:\SteamLibrary\steamapps\common\Scrap Mechanic\Survival\Terrain\Tiles\roads_and_cliffs\Cliff(0332)_01.tile","E:\SteamLibrary\steamapps\common\Scrap Mechanic\Survival\Terrain\Tiles\roads_and_cliffs\Cliff(0332)_01.tileson","roads_and_cliffs","True"
"Cliff(0333)_01.tile","263d23fa-f8d5-4d74-b470-a5d7b0bef725","263d23fa-f8d5-4d74-b470-a5d7b0bef725.png","True","E:\SteamLibrary\steamapps\common\Scrap Mechanic\Survival\Terrain\Tiles\roads_and_cliffs\Cliff(0333)_01.tile","E:\SteamLibrary\steamapps\common\Scrap Mechanic\Survival\Terrain\Tiles\roads_and_cliffs\Cliff(0333)_01.tileson","roads_and_cliffs","True"
"Road(0001)_Cliff(0000)_01.tile","dbe93342-18f8-42ee-9a37-6869d15323c3","dbe93342-18f8-42ee-9a37-6869d15323c3.png","True","E:\SteamLibrary\steamapps\common\Scrap Mechanic\Survival\Terrain\Tiles\roads_and_cliffs\Road(0001)_Cliff(0000)_01.tile","E:\SteamLibrary\steamapps\common\Scrap Mechanic\Survival\Terrain\Tiles\roads_and_cliffs\Road(0001)_Cliff(0000)_01.tileson","roads_and_cliffs","True"
"Road(0011)_Cliff(0000)_01.tile","b19e6409-39e5-4ee8-b0e6-012a3f03d295","b19e6409-39e5-4ee8-b0e6-012a3f03d295.png","True","E:\SteamLibrary\steamapps\common\Scrap Mechanic\Survival\Terrain\Tiles\roads_and_cliffs\Road(0011)_Cliff(0000)_01.tile","E:\SteamLibrary\steamapps\common\Scrap Mechanic\Survival\Terrain\Tiles\roads_and_cliffs\Road(0011)_Cliff(0000)_01.tileson","roads_and_cliffs","True"
"Road(0011)_Cliff(0000)_02.tile","40d7aa74-0ade-4616-b706-9cef2f89c448","40d7aa74-0ade-4616-b706-9cef2f89c448.png","True","E:\SteamLibrary\steamapps\common\Scrap Mechanic\Survival\Terrain\Tiles\roads_and_cliffs\Road(0011)_Cliff(0000)_02.tile","E:\SteamLibrary\steamapps\common\Scrap Mechanic\Survival\Terrain\Tiles\roads_and_cliffs\Road(0011)_Cliff(0000)_02.tileson","roads_and_cliffs","True"
"Road(0011)_Cliff(0000)_03.tile","3c42a67d-5642-4371-b6c2-a70d7dc82ba4","3c42a67d-5642-4371-b6c2-a70d7dc82ba4.png","True","E:\SteamLibrary\steamapps\common\Scrap Mechanic\Survival\Terrain\Tiles\roads_and_cliffs\Road(0011)_Cliff(0000)_03.tile","E:\SteamLibrary\steamapps\common\Scrap Mechanic\Survival\Terrain\Tiles\roads_and_cliffs\Road(0011)_Cliff(0000)_03.tileson","roads_and_cliffs","True"
"Road(0011)_Cliff(0000)_04.tile","3d3a1494-d0ad-4efb-b337-28818865d88e","3d3a1494-d0ad-4efb-b337-28818865d88e.png","True","E:\SteamLibrary\steamapps\common\Scrap Mechanic\Survival\Terrain\Tiles\roads_and_cliffs\Road(0011)_Cliff(0000)_04.tile","E:\SteamLibrary\steamapps\common\Scrap Mechanic\Survival\Terrain\Tiles\roads_and_cliffs\Road(0011)_Cliff(0000)_04.tileson","roads_and_cliffs","True"
"Road(0011)_Cliff(0000)_05.tile","0ee0bd1f-804c-487c-9e16-b51b2fabedec","0ee0bd1f-804c-487c-9e16-b51b2fabedec.png","True","E:\SteamLibrary\steamapps\common\Scrap Mechanic\Survival\Terrain\Tiles\roads_and_cliffs\Road(0011)_Cliff(0000)_05.tile","E:\SteamLibrary\steamapps\common\Scrap Mechanic\Survival\Terrain\Tiles\roads_and_cliffs\Road(0011)_Cliff(0000)_05.tileson","roads_and_cliffs","True"
"Road(0011)_Cliff(0000)_06.tile","59748a7a-91ab-4530-965c-246c3e7f0a26","59748a7a-91ab-4530-965c-246c3e7f0a26.png","True","E:\SteamLibrary\steamapps\common\Scrap Mechanic\Survival\Terrain\Tiles\roads_and_cliffs\Road(0011)_Cliff(0000)_06.tile","E:\SteamLibrary\steamapps\common\Scrap Mechanic\Survival\Terrain\Tiles\roads_and_cliffs\Road(0011)_Cliff(0000)_06.tileson","roads_and_cliffs","True"
"Road(0011)_Cliff(0000)_07.tile","309c5332-d603-4355-a4a1-595c3459f591","309c5332-d603-4355-a4a1-595c3459f591.png","True","E:\SteamLibrary\steamapps\common\Scrap Mechanic\Survival\Terrain\Tiles\roads_and_cliffs\Road(0011)_Cliff(0000)_07.tile","E:\SteamLibrary\steamapps\common\Scrap Mechanic\Survival\Terrain\Tiles\roads_and_cliffs\Road(0011)_Cliff(0000)_07.tileson","roads_and_cliffs","True"
"Road(0011)_Cliff(0000)_08.tile","4aa31f0a-2b56-4868-9419-76c32d1919b1","4aa31f0a-2b56-4868-9419-76c32d1919b1.png","True","E:\SteamLibrary\steamapps\common\Scrap Mechanic\Survival\Terrain\Tiles\roads_and_cliffs\Road(0011)_Cliff(0000)_08.tile","E:\SteamLibrary\steamapps\common\Scrap Mechanic\Survival\Terrain\Tiles\roads_and_cliffs\Road(0011)_Cliff(0000)_08.tileson","roads_and_cliffs","True"
"Road(0011)_Cliff(0000)_09.tile","65f3c721-3f89-470e-a453-1917233cc1f1","65f3c721-3f89-470e-a453-1917233cc1f1.png","True","E:\SteamLibrary\steamapps\common\Scrap Mechanic\Survival\Terrain\Tiles\roads_and_cliffs\Road(0011)_Cliff(0000)_09.tile","E:\SteamLibrary\steamapps\common\Scrap Mechanic\Survival\Terrain\Tiles\roads_and_cliffs\Road(0011)_Cliff(0000)_09.tileson","roads_and_cliffs","True"
"Road(0011)_Cliff(0000)_10.tile","6e8a80d9-08aa-41ff-b7f1-7284550d849b","6e8a80d9-08aa-41ff-b7f1-7284550d849b.png","True","E:\SteamLibrary\steamapps\common\Scrap Mechanic\Survival\Terrain\Tiles\roads_and_cliffs\Road(0011)_Cliff(0000)_10.tile","E:\SteamLibrary\steamapps\common\Scrap Mechanic\Survival\Terrain\Tiles\roads_and_cliffs\Road(0011)_Cliff(0000)_10.tileson","roads_and_cliffs","True"
"Road(0011)_Cliff(0000)_11.tile","ca1aea84-265c-4a80-b49c-1b044331fe4b","ca1aea84-265c-4a80-b49c-1b044331fe4b.png","True","E:\SteamLibrary\steamapps\common\Scrap Mechanic\Survival\Terrain\Tiles\roads_and_cliffs\Road(0011)_Cliff(0000)_11.tile","E:\SteamLibrary\steamapps\common\Scrap Mechanic\Survival\Terrain\Tiles\roads_and_cliffs\Road(0011)_Cliff(0000)_11.tileson","roads_and_cliffs","True"
"Road(0011)_Cliff(0000)_12.tile","ce0a2f44-9108-4e14-afe3-38c4aaca4e01","ce0a2f44-9108-4e14-afe3-38c4aaca4e01.png","True","E:\SteamLibrary\steamapps\common\Scrap Mechanic\Survival\Terrain\Tiles\roads_and_cliffs\Road(0011)_Cliff(0000)_12.tile","E:\SteamLibrary\steamapps\common\Scrap Mechanic\Survival\Terrain\Tiles\roads_and_cliffs\Road(0011)_Cliff(0000)_12.tileson","roads_and_cliffs","True"
"Road(0011)_Cliff(0000)_13.tile","b9edcca2-5f5f-4f09-9aea-80f0f64c0ee4","b9edcca2-5f5f-4f09-9aea-80f0f64c0ee4.png","True","E:\SteamLibrary\steamapps\common\Scrap Mechanic\Survival\Terrain\Tiles\roads_and_cliffs\Road(0011)_Cliff(0000)_13.tile","E:\SteamLibrary\steamapps\common\Scrap Mechanic\Survival\Terrain\Tiles\roads_and_cliffs\Road(0011)_Cliff(0000)_13.tileson","roads_and_cliffs","True"
"Road(0011)_Cliff(0000)_14.tile","7ac61fb2-81e3-4b44-b4d1-a2d4fc935f68","7ac61fb2-81e3-4b44-b4d1-a2d4fc935f68.png","True","E:\SteamLibrary\steamapps\common\Scrap Mechanic\Survival\Terrain\Tiles\roads_and_cliffs\Road(0011)_Cliff(0000)_14.tile","E:\SteamLibrary\steamapps\common\Scrap Mechanic\Survival\Terrain\Tiles\roads_and_cliffs\Road(0011)_Cliff(0000)_14.tileson","roads_and_cliffs","True"
"Road(0011)_Cliff(0001)_01.tile","edb2b00c-81fb-48c0-8325-68b26e8ba870","edb2b00c-81fb-48c0-8325-68b26e8ba870.png","True","E:\SteamLibrary\steamapps\common\Scrap Mechanic\Survival\Terrain\Tiles\roads_and_cliffs\Road(0011)_Cliff(0001)_01.tile","E:\SteamLibrary\steamapps\common\Scrap Mechanic\Survival\Terrain\Tiles\roads_and_cliffs\Road(0011)_Cliff(0001)_01.tileson","roads_and_cliffs","True"
"Road(0011)_Cliff(0010)_01.tile","a983d61c-d2b4-432b-9be5-be062d8ff72e","a983d61c-d2b4-432b-9be5-be062d8ff72e.png","True","E:\SteamLibrary\steamapps\common\Scrap Mechanic\Survival\Terrain\Tiles\roads_and_cliffs\Road(0011)_Cliff(0010)_01.tile","E:\SteamLibrary\steamapps\common\Scrap Mechanic\Survival\Terrain\Tiles\roads_and_cliffs\Road(0011)_Cliff(0010)_01.tileson","roads_and_cliffs","True"
"Road(0011)_Cliff(0011)_01.tile","21359ca2-a302-47ac-b4d2-cafd32c792de","21359ca2-a302-47ac-b4d2-cafd32c792de.png","True","E:\SteamLibrary\steamapps\common\Scrap Mechanic\Survival\Terrain\Tiles\roads_and_cliffs\Road(0011)_Cliff(0011)_01.tile","E:\SteamLibrary\steamapps\common\Scrap Mechanic\Survival\Terrain\Tiles\roads_and_cliffs\Road(0011)_Cliff(0011)_01.tileson","roads_and_cliffs","True"
"Road(0011)_Cliff(0100)_01.tile","7d15d629-084d-4603-ba42-83607fab7649","7d15d629-084d-4603-ba42-83607fab7649.png","True","E:\SteamLibrary\steamapps\common\Scrap Mechanic\Survival\Terrain\Tiles\roads_and_cliffs\Road(0011)_Cliff(0100)_01.tile","E:\SteamLibrary\steamapps\common\Scrap Mechanic\Survival\Terrain\Tiles\roads_and_cliffs\Road(0011)_Cliff(0100)_01.tileson","roads_and_cliffs","True"
"Road(0011)_Cliff(0101)_01.tile","8afe7a8a-9151-4c8d-a3c2-e44b48b94c39","8afe7a8a-9151-4c8d-a3c2-e44b48b94c39.png","True","E:\SteamLibrary\steamapps\common\Scrap Mechanic\Survival\Terrain\Tiles\roads_and_cliffs\Road(0011)_Cliff(0101)_01.tile","E:\SteamLibrary\steamapps\common\Scrap Mechanic\Survival\Terrain\Tiles\roads_and_cliffs\Road(0011)_Cliff(0101)_01.tileson","roads_and_cliffs","True"
"Road(0011)_Cliff(0110)_01.tile","b313ee4f-002d-426b-b4d7-41982d973d90","b313ee4f-002d-426b-b4d7-41982d973d90.png","True","E:\SteamLibrary\steamapps\common\Scrap Mechanic\Survival\Terrain\Tiles\roads_and_cliffs\Road(0011)_Cliff(0110)_01.tile","E:\SteamLibrary\steamapps\common\Scrap Mechanic\Survival\Terrain\Tiles\roads_and_cliffs\Road(0011)_Cliff(0110)_01.tileson","roads_and_cliffs","True"
"Road(0011)_Cliff(0111)_01.tile","6f117827-6c4a-4874-8272-ace33fd31ef0","6f117827-6c4a-4874-8272-ace33fd31ef0.png","True","E:\SteamLibrary\steamapps\common\Scrap Mechanic\Survival\Terrain\Tiles\roads_and_cliffs\Road(0011)_Cliff(0111)_01.tile","E:\SteamLibrary\steamapps\common\Scrap Mechanic\Survival\Terrain\Tiles\roads_and_cliffs\Road(0011)_Cliff(0111)_01.tileson","roads_and_cliffs","True"
"Road(0011)_Cliff(1000)_01.tile","bd6f65d0-d9c9-42ba-851c-de3b33d3a205","bd6f65d0-d9c9-42ba-851c-de3b33d3a205.png","True","E:\SteamLibrary\steamapps\common\Scrap Mechanic\Survival\Terrain\Tiles\roads_and_cliffs\Road(0011)_Cliff(1000)_01.tile","E:\SteamLibrary\steamapps\common\Scrap Mechanic\Survival\Terrain\Tiles\roads_and_cliffs\Road(0011)_Cliff(1000)_01.tileson","roads_and_cliffs","True"
"Road(0011)_Cliff(1001)_01.tile","20630ee4-3ce3-4178-8437-af2c7e99c417","20630ee4-3ce3-4178-8437-af2c7e99c417.png","True","E:\SteamLibrary\steamapps\common\Scrap Mechanic\Survival\Terrain\Tiles\roads_and_cliffs\Road(0011)_Cliff(1001)_01.tile","E:\SteamLibrary\steamapps\common\Scrap Mechanic\Survival\Terrain\Tiles\roads_and_cliffs\Road(0011)_Cliff(1001)_01.tileson","roads_and_cliffs","True"
"Road(0011)_Cliff(1010)_01.tile","40872ddf-1212-4bcf-9ba6-f161c1719d9a","40872ddf-1212-4bcf-9ba6-f161c1719d9a.png","True","E:\SteamLibrary\steamapps\common\Scrap Mechanic\Survival\Terrain\Tiles\roads_and_cliffs\Road(0011)_Cliff(1010)_01.tile","E:\SteamLibrary\steamapps\common\Scrap Mechanic\Survival\Terrain\Tiles\roads_and_cliffs\Road(0011)_Cliff(1010)_01.tileson","roads_and_cliffs","True"
"Road(0011)_Cliff(1011)_01.tile","b3a31f97-790a-4235-810a-5578395c05aa","b3a31f97-790a-4235-810a-5578395c05aa.png","True","E:\SteamLibrary\steamapps\common\Scrap Mechanic\Survival\Terrain\Tiles\roads_and_cliffs\Road(0011)_Cliff(1011)_01.tile","E:\SteamLibrary\steamapps\common\Scrap Mechanic\Survival\Terrain\Tiles\roads_and_cliffs\Road(0011)_Cliff(1011)_01.tileson","roads_and_cliffs","True"
"Road(0011)_Cliff(1100)_01.tile","c92c0f49-0cc8-4c96-b4ba-aad83389c812","c92c0f49-0cc8-4c96-b4ba-aad83389c812.png","True","E:\SteamLibrary\steamapps\common\Scrap Mechanic\Survival\Terrain\Tiles\roads_and_cliffs\Road(0011)_Cliff(1100)_01.tile","E:\SteamLibrary\steamapps\common\Scrap Mechanic\Survival\Terrain\Tiles\roads_and_cliffs\Road(0011)_Cliff(1100)_01.tileson","roads_and_cliffs","True"
"Road(0011)_Cliff(1101)_01.tile","fb56e962-a472-4fbc-91e5-90ca406f4d55","fb56e962-a472-4fbc-91e5-90ca406f4d55.png","True","E:\SteamLibrary\steamapps\common\Scrap Mechanic\Survival\Terrain\Tiles\roads_and_cliffs\Road(0011)_Cliff(1101)_01.tile","E:\SteamLibrary\steamapps\common\Scrap Mechanic\Survival\Terrain\Tiles\roads_and_cliffs\Road(0011)_Cliff(1101)_01.tileson","roads_and_cliffs","True"
"Road(0011)_Cliff(1110)_01.tile","d477dfb7-4a24-471a-a2b3-bcb26cd55b17","d477dfb7-4a24-471a-a2b3-bcb26cd55b17.png","True","E:\SteamLibrary\steamapps\common\Scrap Mechanic\Survival\Terrain\Tiles\roads_and_cliffs\Road(0011)_Cliff(1110)_01.tile","E:\SteamLibrary\steamapps\common\Scrap Mechanic\Survival\Terrain\Tiles\roads_and_cliffs\Road(0011)_Cliff(1110)_01.tileson","roads_and_cliffs","True"
"Road(0101)_Cliff(0000)_01.tile","3f3d209f-72c9-412d-9183-74db00f2ebd7","3f3d209f-72c9-412d-9183-74db00f2ebd7.png","True","E:\SteamLibrary\steamapps\common\Scrap Mechanic\Survival\Terrain\Tiles\roads_and_cliffs\Road(0101)_Cliff(0000)_01.tile","E:\SteamLibrary\steamapps\common\Scrap Mechanic\Survival\Terrain\Tiles\roads_and_cliffs\Road(0101)_Cliff(0000)_01.tileson","roads_and_cliffs","True"
"Road(0101)_Cliff(0000)_02.tile","7b46b3d9-74a8-485e-a82b-30effb44abec","7b46b3d9-74a8-485e-a82b-30effb44abec.png","True","E:\SteamLibrary\steamapps\common\Scrap Mechanic\Survival\Terrain\Tiles\roads_and_cliffs\Road(0101)_Cliff(0000)_02.tile","E:\SteamLibrary\steamapps\common\Scrap Mechanic\Survival\Terrain\Tiles\roads_and_cliffs\Road(0101)_Cliff(0000)_02.tileson","roads_and_cliffs","True"
"Road(0101)_Cliff(0000)_03.tile","026be275-0def-4fbe-b29d-581d616ed254","026be275-0def-4fbe-b29d-581d616ed254.png","True","E:\SteamLibrary\steamapps\common\Scrap Mechanic\Survival\Terrain\Tiles\roads_and_cliffs\Road(0101)_Cliff(0000)_03.tile","E:\SteamLibrary\steamapps\common\Scrap Mechanic\Survival\Terrain\Tiles\roads_and_cliffs\Road(0101)_Cliff(0000)_03.tileson","roads_and_cliffs","True"
"Road(0101)_Cliff(0000)_04.tile","ec87829f-c2cd-425a-a13b-44b35120e7d0","ec87829f-c2cd-425a-a13b-44b35120e7d0.png","True","E:\SteamLibrary\steamapps\common\Scrap Mechanic\Survival\Terrain\Tiles\roads_and_cliffs\Road(0101)_Cliff(0000)_04.tile","E:\SteamLibrary\steamapps\common\Scrap Mechanic\Survival\Terrain\Tiles\roads_and_cliffs\Road(0101)_Cliff(0000)_04.tileson","roads_and_cliffs","True"
"Road(0101)_Cliff(0000)_05.tile","cb138480-25ae-4a98-a8af-4fa604778eea","cb138480-25ae-4a98-a8af-4fa604778eea.png","True","E:\SteamLibrary\steamapps\common\Scrap Mechanic\Survival\Terrain\Tiles\roads_and_cliffs\Road(0101)_Cliff(0000)_05.tile","E:\SteamLibrary\steamapps\common\Scrap Mechanic\Survival\Terrain\Tiles\roads_and_cliffs\Road(0101)_Cliff(0000)_05.tileson","roads_and_cliffs","True"
"Road(0101)_Cliff(0000)_06.tile","3548c061-7a96-4dfb-8cbe-3c65e3153294","3548c061-7a96-4dfb-8cbe-3c65e3153294.png","True","E:\SteamLibrary\steamapps\common\Scrap Mechanic\Survival\Terrain\Tiles\roads_and_cliffs\Road(0101)_Cliff(0000)_06.tile","E:\SteamLibrary\steamapps\common\Scrap Mechanic\Survival\Terrain\Tiles\roads_and_cliffs\Road(0101)_Cliff(0000)_06.tileson","roads_and_cliffs","True"
"Road(0101)_Cliff(0000)_07.tile","c5142925-2541-4b62-8964-96e4b2556d76","c5142925-2541-4b62-8964-96e4b2556d76.png","True","E:\SteamLibrary\steamapps\common\Scrap Mechanic\Survival\Terrain\Tiles\roads_and_cliffs\Road(0101)_Cliff(0000)_07.tile","E:\SteamLibrary\steamapps\common\Scrap Mechanic\Survival\Terrain\Tiles\roads_and_cliffs\Road(0101)_Cliff(0000)_07.tileson","roads_and_cliffs","True"
"Road(0101)_Cliff(0000)_08.tile","75bf4b95-087c-4ce7-9553-702f1778ae0b","75bf4b95-087c-4ce7-9553-702f1778ae0b.png","True","E:\SteamLibrary\steamapps\common\Scrap Mechanic\Survival\Terrain\Tiles\roads_and_cliffs\Road(0101)_Cliff(0000)_08.tile","E:\SteamLibrary\steamapps\common\Scrap Mechanic\Survival\Terrain\Tiles\roads_and_cliffs\Road(0101)_Cliff(0000)_08.tileson","roads_and_cliffs","True"
"Road(0101)_Cliff(0000)_09.tile","87496417-031e-4361-a61c-f6df0682ff22","87496417-031e-4361-a61c-f6df0682ff22.png","True","E:\SteamLibrary\steamapps\common\Scrap Mechanic\Survival\Terrain\Tiles\roads_and_cliffs\Road(0101)_Cliff(0000)_09.tile","E:\SteamLibrary\steamapps\common\Scrap Mechanic\Survival\Terrain\Tiles\roads_and_cliffs\Road(0101)_Cliff(0000)_09.tileson","roads_and_cliffs","True"
"Road(0101)_Cliff(0000)_10.tile","6dc0d519-12e6-4f4a-ad85-63b263ae60d9","6dc0d519-12e6-4f4a-ad85-63b263ae60d9.png","True","E:\SteamLibrary\steamapps\common\Scrap Mechanic\Survival\Terrain\Tiles\roads_and_cliffs\Road(0101)_Cliff(0000)_10.tile","E:\SteamLibrary\steamapps\common\Scrap Mechanic\Survival\Terrain\Tiles\roads_and_cliffs\Road(0101)_Cliff(0000)_10.tileson","roads_and_cliffs","True"
"Road(0101)_Cliff(0000)_11.tile","10b5034d-4ecd-4f52-9bd6-d902150f091f","10b5034d-4ecd-4f52-9bd6-d902150f091f.png","True","E:\SteamLibrary\steamapps\common\Scrap Mechanic\Survival\Terrain\Tiles\roads_and_cliffs\Road(0101)_Cliff(0000)_11.tile","E:\SteamLibrary\steamapps\common\Scrap Mechanic\Survival\Terrain\Tiles\roads_and_cliffs\Road(0101)_Cliff(0000)_11.tileson","roads_and_cliffs","True"
"Road(0101)_Cliff(0000)_12.tile","d3f482e2-b9e4-431d-9b6a-e091bac8f527","d3f482e2-b9e4-431d-9b6a-e091bac8f527.png","True","E:\SteamLibrary\steamapps\common\Scrap Mechanic\Survival\Terrain\Tiles\roads_and_cliffs\Road(0101)_Cliff(0000)_12.tile","E:\SteamLibrary\steamapps\common\Scrap Mechanic\Survival\Terrain\Tiles\roads_and_cliffs\Road(0101)_Cliff(0000)_12.tileson","roads_and_cliffs","True"
"Road(0101)_Cliff(0000)_13.tile","c3a25ab0-ad7e-4040-b1e9-45b9afb45815","c3a25ab0-ad7e-4040-b1e9-45b9afb45815.png","True","E:\SteamLibrary\steamapps\common\Scrap Mechanic\Survival\Terrain\Tiles\roads_and_cliffs\Road(0101)_Cliff(0000)_13.tile","E:\SteamLibrary\steamapps\common\Scrap Mechanic\Survival\Terrain\Tiles\roads_and_cliffs\Road(0101)_Cliff(0000)_13.tileson","roads_and_cliffs","True"
"Road(0101)_Cliff(0000)_14.tile","cee54b6d-d071-439f-9a39-a18ee38a1804","cee54b6d-d071-439f-9a39-a18ee38a1804.png","True","E:\SteamLibrary\steamapps\common\Scrap Mechanic\Survival\Terrain\Tiles\roads_and_cliffs\Road(0101)_Cliff(0000)_14.tile","E:\SteamLibrary\steamapps\common\Scrap Mechanic\Survival\Terrain\Tiles\roads_and_cliffs\Road(0101)_Cliff(0000)_14.tileson","roads_and_cliffs","True"
"Road(0101)_Cliff(0000)_15.tile","06fc96e0-7f14-4084-98e4-4bf5fd285f18","06fc96e0-7f14-4084-98e4-4bf5fd285f18.png","True","E:\SteamLibrary\steamapps\common\Scrap Mechanic\Survival\Terrain\Tiles\roads_and_cliffs\Road(0101)_Cliff(0000)_15.tile","E:\SteamLibrary\steamapps\common\Scrap Mechanic\Survival\Terrain\Tiles\roads_and_cliffs\Road(0101)_Cliff(0000)_15.tileson","roads_and_cliffs","True"
"Road(0101)_Cliff(0000)_16.tile","791bc2a4-0f8d-4db2-bee4-5ad7caabca62","791bc2a4-0f8d-4db2-bee4-5ad7caabca62.png","True","E:\SteamLibrary\steamapps\common\Scrap Mechanic\Survival\Terrain\Tiles\roads_and_cliffs\Road(0101)_Cliff(0000)_16.tile","E:\SteamLibrary\steamapps\common\Scrap Mechanic\Survival\Terrain\Tiles\roads_and_cliffs\Road(0101)_Cliff(0000)_16.tileson","roads_and_cliffs","True"
"Road(0101)_Cliff(0001)_01.tile","76502521-ea68-4db0-8347-7ef7480ea590","76502521-ea68-4db0-8347-7ef7480ea590.png","True","E:\SteamLibrary\steamapps\common\Scrap Mechanic\Survival\Terrain\Tiles\roads_and_cliffs\Road(0101)_Cliff(0001)_01.tile","E:\SteamLibrary\steamapps\common\Scrap Mechanic\Survival\Terrain\Tiles\roads_and_cliffs\Road(0101)_Cliff(0001)_01.tileson","roads_and_cliffs","True"
"Road(0101)_Cliff(0010)_01.tile","ee357919-b89d-4f75-aa29-f5e7ed1500c4","ee357919-b89d-4f75-aa29-f5e7ed1500c4.png","True","E:\SteamLibrary\steamapps\common\Scrap Mechanic\Survival\Terrain\Tiles\roads_and_cliffs\Road(0101)_Cliff(0010)_01.tile","E:\SteamLibrary\steamapps\common\Scrap Mechanic\Survival\Terrain\Tiles\roads_and_cliffs\Road(0101)_Cliff(0010)_01.tileson","roads_and_cliffs","True"
"Road(0101)_Cliff(0010)_02.tile","747c57f8-cd81-437d-b9f5-a8823d190444","747c57f8-cd81-437d-b9f5-a8823d190444.png","True","E:\SteamLibrary\steamapps\common\Scrap Mechanic\Survival\Terrain\Tiles\roads_and_cliffs\Road(0101)_Cliff(0010)_02.tile","E:\SteamLibrary\steamapps\common\Scrap Mechanic\Survival\Terrain\Tiles\roads_and_cliffs\Road(0101)_Cliff(0010)_02.tileson","roads_and_cliffs","True"
"Road(0101)_Cliff(0011)_01.tile","aeda2fbd-78a3-48ae-9405-834ad610d2ef","aeda2fbd-78a3-48ae-9405-834ad610d2ef.png","True","E:\SteamLibrary\steamapps\common\Scrap Mechanic\Survival\Terrain\Tiles\roads_and_cliffs\Road(0101)_Cliff(0011)_01.tile","E:\SteamLibrary\steamapps\common\Scrap Mechanic\Survival\Terrain\Tiles\roads_and_cliffs\Road(0101)_Cliff(0011)_01.tileson","roads_and_cliffs","True"
"Road(0101)_Cliff(0101)_01.tile","cd9871a3-bb49-440c-ac96-53b6645acafd","cd9871a3-bb49-440c-ac96-53b6645acafd.png","True","E:\SteamLibrary\steamapps\common\Scrap Mechanic\Survival\Terrain\Tiles\roads_and_cliffs\Road(0101)_Cliff(0101)_01.tile","E:\SteamLibrary\steamapps\common\Scrap Mechanic\Survival\Terrain\Tiles\roads_and_cliffs\Road(0101)_Cliff(0101)_01.tileson","roads_and_cliffs","True"
"Road(0101)_Cliff(0110)_01.tile","cba092c0-de42-4612-bed6-63446c5e6cea","cba092c0-de42-4612-bed6-63446c5e6cea.png","True","E:\SteamLibrary\steamapps\common\Scrap Mechanic\Survival\Terrain\Tiles\roads_and_cliffs\Road(0101)_Cliff(0110)_01.tile","E:\SteamLibrary\steamapps\common\Scrap Mechanic\Survival\Terrain\Tiles\roads_and_cliffs\Road(0101)_Cliff(0110)_01.tileson","roads_and_cliffs","True"
"Road(0101)_Cliff(0111)_01.tile","52ba1bf0-370d-4e9a-9e7e-eaaec7a8d08c","52ba1bf0-370d-4e9a-9e7e-eaaec7a8d08c.png","True","E:\SteamLibrary\steamapps\common\Scrap Mechanic\Survival\Terrain\Tiles\roads_and_cliffs\Road(0101)_Cliff(0111)_01.tile","E:\SteamLibrary\steamapps\common\Scrap Mechanic\Survival\Terrain\Tiles\roads_and_cliffs\Road(0101)_Cliff(0111)_01.tileson","roads_and_cliffs","True"
"Road(0101)_Cliff(1010)_01.tile","723c46f1-325a-453c-8438-79a4e1ac66bc","723c46f1-325a-453c-8438-79a4e1ac66bc.png","True","E:\SteamLibrary\steamapps\common\Scrap Mechanic\Survival\Terrain\Tiles\roads_and_cliffs\Road(0101)_Cliff(1010)_01.tile","E:\SteamLibrary\steamapps\common\Scrap Mechanic\Survival\Terrain\Tiles\roads_and_cliffs\Road(0101)_Cliff(1010)_01.tileson","roads_and_cliffs","True"
"Road(0101)_Cliff(1011)_01.tile","4c2fd06d-27c3-471b-971e-78e6f2a98f4a","4c2fd06d-27c3-471b-971e-78e6f2a98f4a.png","True","E:\SteamLibrary\steamapps\common\Scrap Mechanic\Survival\Terrain\Tiles\roads_and_cliffs\Road(0101)_Cliff(1011)_01.tile","E:\SteamLibrary\steamapps\common\Scrap Mechanic\Survival\Terrain\Tiles\roads_and_cliffs\Road(0101)_Cliff(1011)_01.tileson","roads_and_cliffs","True"
"Road(0111)_Cliff(0000)_01.tile","77f25340-8482-426a-a58e-335943e9be09","77f25340-8482-426a-a58e-335943e9be09.png","True","E:\SteamLibrary\steamapps\common\Scrap Mechanic\Survival\Terrain\Tiles\roads_and_cliffs\Road(0111)_Cliff(0000)_01.tile","E:\SteamLibrary\steamapps\common\Scrap Mechanic\Survival\Terrain\Tiles\roads_and_cliffs\Road(0111)_Cliff(0000)_01.tileson","roads_and_cliffs","True"
"Road(1111)_Cliff(0000)_01.tile","dd29a683-9dc3-4634-bef1-daeaf411cb21","dd29a683-9dc3-4634-bef1-daeaf411cb21.png","True","E:\SteamLibrary\steamapps\common\Scrap Mechanic\Survival\Terrain\Tiles\roads_and_cliffs\Road(1111)_Cliff(0000)_01.tile","E:\SteamLibrary\steamapps\common\Scrap Mechanic\Survival\Terrain\Tiles\roads_and_cliffs\Road(1111)_Cliff(0000)_01.tileson","roads_and_cliffs","True"
"Road(1111)_Cliff(0000)_02.tile","6af26cb2-a06b-45c3-bfc9-9a7f3065cd45","6af26cb2-a06b-45c3-bfc9-9a7f3065cd45.png","True","E:\SteamLibrary\steamapps\common\Scrap Mechanic\Survival\Terrain\Tiles\roads_and_cliffs\Road(1111)_Cliff(0000)_02.tile","E:\SteamLibrary\steamapps\common\Scrap Mechanic\Survival\Terrain\Tiles\roads_and_cliffs\Road(1111)_Cliff(0000)_02.tileson","roads_and_cliffs","True"
"Road(0001)_Forest(1111)_01.tile","c287b99e-c7f9-41a0-bb17-6203a2466ccb","c287b99e-c7f9-41a0-bb17-6203a2466ccb.png","True","E:\SteamLibrary\steamapps\common\Scrap Mechanic\Survival\Terrain\Tiles\roads_biomes\Road(0001)_Forest(1111)_01.tile","E:\SteamLibrary\steamapps\common\Scrap Mechanic\Survival\Terrain\Tiles\roads_biomes\Road(0001)_Forest(1111)_01.tileson","roads_biomes","True"
"Road(0011)_AutumnForest(1111)_01.tile","8e5a9986-3003-4a6d-93ce-b9e732723a0a","8e5a9986-3003-4a6d-93ce-b9e732723a0a.png","True","E:\SteamLibrary\steamapps\common\Scrap Mechanic\Survival\Terrain\Tiles\roads_biomes\Road(0011)_AutumnForest(1111)_01.tile","E:\SteamLibrary\steamapps\common\Scrap Mechanic\Survival\Terrain\Tiles\roads_biomes\Road(0011)_AutumnForest(1111)_01.tileson","roads_biomes","True"
"Road(0011)_BurntForest(1111)_01.tile","ff4d8357-5656-4baf-9ed2-61c226cf3b62","ff4d8357-5656-4baf-9ed2-61c226cf3b62.png","True","E:\SteamLibrary\steamapps\common\Scrap Mechanic\Survival\Terrain\Tiles\roads_biomes\Road(0011)_BurntForest(1111)_01.tile","E:\SteamLibrary\steamapps\common\Scrap Mechanic\Survival\Terrain\Tiles\roads_biomes\Road(0011)_BurntForest(1111)_01.tileson","roads_biomes","True"
"Road(0011)_Desert(1111)_01.tile","53fafc33-74a4-4637-87e8-0626cc945084","53fafc33-74a4-4637-87e8-0626cc945084.png","True","E:\SteamLibrary\steamapps\common\Scrap Mechanic\Survival\Terrain\Tiles\roads_biomes\Road(0011)_Desert(1111)_01.tile","E:\SteamLibrary\steamapps\common\Scrap Mechanic\Survival\Terrain\Tiles\roads_biomes\Road(0011)_Desert(1111)_01.tileson","roads_biomes","True"
"Road(0011)_Desert(1111)_02.tile","4eccd58b-b6ca-4e43-9b70-27ee75cbb441","4eccd58b-b6ca-4e43-9b70-27ee75cbb441.png","True","E:\SteamLibrary\steamapps\common\Scrap Mechanic\Survival\Terrain\Tiles\roads_biomes\Road(0011)_Desert(1111)_02.tile","E:\SteamLibrary\steamapps\common\Scrap Mechanic\Survival\Terrain\Tiles\roads_biomes\Road(0011)_Desert(1111)_02.tileson","roads_biomes","True"
"Road(0011)_Field(1111)_01.tile","163c84ef-b493-437a-827f-e6f8c79420ab","163c84ef-b493-437a-827f-e6f8c79420ab.png","True","E:\SteamLibrary\steamapps\common\Scrap Mechanic\Survival\Terrain\Tiles\roads_biomes\Road(0011)_Field(1111)_01.tile","E:\SteamLibrary\steamapps\common\Scrap Mechanic\Survival\Terrain\Tiles\roads_biomes\Road(0011)_Field(1111)_01.tileson","roads_biomes","True"
"Road(0011)_Forest(0001)_01.tile","ddb758e6-1920-4f51-b707-c0e8277e6cd4","ddb758e6-1920-4f51-b707-c0e8277e6cd4.png","True","E:\SteamLibrary\steamapps\common\Scrap Mechanic\Survival\Terrain\Tiles\roads_biomes\Road(0011)_Forest(0001)_01.tile","E:\SteamLibrary\steamapps\common\Scrap Mechanic\Survival\Terrain\Tiles\roads_biomes\Road(0011)_Forest(0001)_01.tileson","roads_biomes","True"
"Road(0011)_Forest(0110)_01.tile","a428bce1-949f-4ba9-b1b3-2b984fb0d22c","a428bce1-949f-4ba9-b1b3-2b984fb0d22c.png","True","E:\SteamLibrary\steamapps\common\Scrap Mechanic\Survival\Terrain\Tiles\roads_biomes\Road(0011)_Forest(0110)_01.tile","E:\SteamLibrary\steamapps\common\Scrap Mechanic\Survival\Terrain\Tiles\roads_biomes\Road(0011)_Forest(0110)_01.tileson","roads_biomes","True"
"Road(0011)_Forest(1100)_01.tile","6a0e42cd-13be-44a8-a315-453573200666","6a0e42cd-13be-44a8-a315-453573200666.png","True","E:\SteamLibrary\steamapps\common\Scrap Mechanic\Survival\Terrain\Tiles\roads_biomes\Road(0011)_Forest(1100)_01.tile","E:\SteamLibrary\steamapps\common\Scrap Mechanic\Survival\Terrain\Tiles\roads_biomes\Road(0011)_Forest(1100)_01.tileson","roads_biomes","True"
"Road(0011)_Forest(1110)_01.tile","283704ff-0ea5-4fcf-ac73-fc4f4944dc8d","283704ff-0ea5-4fcf-ac73-fc4f4944dc8d.png","True","E:\SteamLibrary\steamapps\common\Scrap Mechanic\Survival\Terrain\Tiles\roads_biomes\Road(0011)_Forest(1110)_01.tile","E:\SteamLibrary\steamapps\common\Scrap Mechanic\Survival\Terrain\Tiles\roads_biomes\Road(0011)_Forest(1110)_01.tileson","roads_biomes","True"
"Road(0011)_Forest(1111)_01.tile","39c6c4ea-0a6d-45ef-90ed-9bd722a29fdc","39c6c4ea-0a6d-45ef-90ed-9bd722a29fdc.png","True","E:\SteamLibrary\steamapps\common\Scrap Mechanic\Survival\Terrain\Tiles\roads_biomes\Road(0011)_Forest(1111)_01.tile","E:\SteamLibrary\steamapps\common\Scrap Mechanic\Survival\Terrain\Tiles\roads_biomes\Road(0011)_Forest(1111)_01.tileson","roads_biomes","True"
"Road(0011)_Lake(0001)_01.tile","60f9245a-37aa-4740-91a6-9b1c596b3a81","60f9245a-37aa-4740-91a6-9b1c596b3a81.png","True","E:\SteamLibrary\steamapps\common\Scrap Mechanic\Survival\Terrain\Tiles\roads_biomes\Road(0011)_Lake(0001)_01.tile","E:\SteamLibrary\steamapps\common\Scrap Mechanic\Survival\Terrain\Tiles\roads_biomes\Road(0011)_Lake(0001)_01.tileson","roads_biomes","True"
"Road(0011)_Lake(0110)_01.tile","be6259b3-be4e-4e68-a86f-bd6d67eb7572","be6259b3-be4e-4e68-a86f-bd6d67eb7572.png","True","E:\SteamLibrary\steamapps\common\Scrap Mechanic\Survival\Terrain\Tiles\roads_biomes\Road(0011)_Lake(0110)_01.tile","E:\SteamLibrary\steamapps\common\Scrap Mechanic\Survival\Terrain\Tiles\roads_biomes\Road(0011)_Lake(0110)_01.tileson","roads_biomes","True"
"Road(0011)_Lake(1100)_01.tile","86ad572b-b7d3-444d-9dfd-8b5f37f229b4","86ad572b-b7d3-444d-9dfd-8b5f37f229b4.png","True","E:\SteamLibrary\steamapps\common\Scrap Mechanic\Survival\Terrain\Tiles\roads_biomes\Road(0011)_Lake(1100)_01.tile","E:\SteamLibrary\steamapps\common\Scrap Mechanic\Survival\Terrain\Tiles\roads_biomes\Road(0011)_Lake(1100)_01.tileson","roads_biomes","True"
"Road(0011)_Lake(1110)_01.tile","08ebf03e-804c-493c-b626-a56060afb0fa","08ebf03e-804c-493c-b626-a56060afb0fa.png","True","E:\SteamLibrary\steamapps\common\Scrap Mechanic\Survival\Terrain\Tiles\roads_biomes\Road(0011)_Lake(1110)_01.tile","E:\SteamLibrary\steamapps\common\Scrap Mechanic\Survival\Terrain\Tiles\roads_biomes\Road(0011)_Lake(1110)_01.tileson","roads_biomes","True"
"Road(0101)_AutumnForest(1001)_01.tile","3a82527c-01a2-4d24-b417-7788bd234e6e","3a82527c-01a2-4d24-b417-7788bd234e6e.png","True","E:\SteamLibrary\steamapps\common\Scrap Mechanic\Survival\Terrain\Tiles\roads_biomes\Road(0101)_AutumnForest(1001)_01.tile","E:\SteamLibrary\steamapps\common\Scrap Mechanic\Survival\Terrain\Tiles\roads_biomes\Road(0101)_AutumnForest(1001)_01.tileson","roads_biomes","True"
"Road(0101)_AutumnForest(1111)_01.tile","427b130a-99af-46e8-9446-c5ad04398864","427b130a-99af-46e8-9446-c5ad04398864.png","True","E:\SteamLibrary\steamapps\common\Scrap Mechanic\Survival\Terrain\Tiles\roads_biomes\Road(0101)_AutumnForest(1111)_01.tile","E:\SteamLibrary\steamapps\common\Scrap Mechanic\Survival\Terrain\Tiles\roads_biomes\Road(0101)_AutumnForest(1111)_01.tileson","roads_biomes","True"
"Road(0101)_BurntForest(1001)_01.tile","72e26acb-5f66-4835-a52d-83fb01143381","72e26acb-5f66-4835-a52d-83fb01143381.png","True","E:\SteamLibrary\steamapps\common\Scrap Mechanic\Survival\Terrain\Tiles\roads_biomes\Road(0101)_BurntForest(1001)_01.tile","E:\SteamLibrary\steamapps\common\Scrap Mechanic\Survival\Terrain\Tiles\roads_biomes\Road(0101)_BurntForest(1001)_01.tileson","roads_biomes","True"
"Road(0101)_BurntForest(1111)_01.tile","df62624d-8d81-4dd8-b6a5-59f359952dc1","df62624d-8d81-4dd8-b6a5-59f359952dc1.png","True","E:\SteamLibrary\steamapps\common\Scrap Mechanic\Survival\Terrain\Tiles\roads_biomes\Road(0101)_BurntForest(1111)_01.tile","E:\SteamLibrary\steamapps\common\Scrap Mechanic\Survival\Terrain\Tiles\roads_biomes\Road(0101)_BurntForest(1111)_01.tileson","roads_biomes","True"
"Road(0101)_Desert(0001)_01.tile","3fa22bd4-111b-4c59-87be-da8fafde861c","3fa22bd4-111b-4c59-87be-da8fafde861c.png","True","E:\SteamLibrary\steamapps\common\Scrap Mechanic\Survival\Terrain\Tiles\roads_biomes\Road(0101)_Desert(0001)_01.tile","E:\SteamLibrary\steamapps\common\Scrap Mechanic\Survival\Terrain\Tiles\roads_biomes\Road(0101)_Desert(0001)_01.tileson","roads_biomes","True"
"Road(0101)_Desert(0010)_01.tile","8e9563ac-9c4d-40fb-9d7f-d7745dc7462a","8e9563ac-9c4d-40fb-9d7f-d7745dc7462a.png","True","E:\SteamLibrary\steamapps\common\Scrap Mechanic\Survival\Terrain\Tiles\roads_biomes\Road(0101)_Desert(0010)_01.tile","E:\SteamLibrary\steamapps\common\Scrap Mechanic\Survival\Terrain\Tiles\roads_biomes\Road(0101)_Desert(0010)_01.tileson","roads_biomes","True"
"Road(0101)_Desert(1001)_01.tile","88ab9e44-1580-457f-be83-b4a8b8915703","88ab9e44-1580-457f-be83-b4a8b8915703.png","True","E:\SteamLibrary\steamapps\common\Scrap Mechanic\Survival\Terrain\Tiles\roads_biomes\Road(0101)_Desert(1001)_01.tile","E:\SteamLibrary\steamapps\common\Scrap Mechanic\Survival\Terrain\Tiles\roads_biomes\Road(0101)_Desert(1001)_01.tileson","roads_biomes","True"
"Road(0101)_Desert(1001)_02.tile","e6c772ea-dd97-4355-847e-f2f60790e40a","e6c772ea-dd97-4355-847e-f2f60790e40a.png","True","E:\SteamLibrary\steamapps\common\Scrap Mechanic\Survival\Terrain\Tiles\roads_biomes\Road(0101)_Desert(1001)_02.tile","E:\SteamLibrary\steamapps\common\Scrap Mechanic\Survival\Terrain\Tiles\roads_biomes\Road(0101)_Desert(1001)_02.tileson","roads_biomes","True"
"Road(0101)_Desert(1111)_01.tile","2c11ac86-14ea-49ee-92dc-64d4a3ec9474","2c11ac86-14ea-49ee-92dc-64d4a3ec9474.png","True","E:\SteamLibrary\steamapps\common\Scrap Mechanic\Survival\Terrain\Tiles\roads_biomes\Road(0101)_Desert(1111)_01.tile","E:\SteamLibrary\steamapps\common\Scrap Mechanic\Survival\Terrain\Tiles\roads_biomes\Road(0101)_Desert(1111)_01.tileson","roads_biomes","True"
"Road(0101)_Desert(1111)_02.tile","13007bde-e48f-454f-942e-186719bf1ba8","13007bde-e48f-454f-942e-186719bf1ba8.png","True","E:\SteamLibrary\steamapps\common\Scrap Mechanic\Survival\Terrain\Tiles\roads_biomes\Road(0101)_Desert(1111)_02.tile","E:\SteamLibrary\steamapps\common\Scrap Mechanic\Survival\Terrain\Tiles\roads_biomes\Road(0101)_Desert(1111)_02.tileson","roads_biomes","True"
"Road(0101)_Desert(1111)_03.tile","bac613c0-c3e7-40c5-8b1b-8aef28c4be50","bac613c0-c3e7-40c5-8b1b-8aef28c4be50.png","True","E:\SteamLibrary\steamapps\common\Scrap Mechanic\Survival\Terrain\Tiles\roads_biomes\Road(0101)_Desert(1111)_03.tile","E:\SteamLibrary\steamapps\common\Scrap Mechanic\Survival\Terrain\Tiles\roads_biomes\Road(0101)_Desert(1111)_03.tileson","roads_biomes","True"
"Road(0101)_Field(1001)_01.tile","eb463d72-ab2b-429e-89ea-bb4b3a41018c","eb463d72-ab2b-429e-89ea-bb4b3a41018c.png","True","E:\SteamLibrary\steamapps\common\Scrap Mechanic\Survival\Terrain\Tiles\roads_biomes\Road(0101)_Field(1001)_01.tile","E:\SteamLibrary\steamapps\common\Scrap Mechanic\Survival\Terrain\Tiles\roads_biomes\Road(0101)_Field(1001)_01.tileson","roads_biomes","True"
"Road(0101)_Field(1111)_01.tile","a20cbce9-bb5f-4409-8b2e-9a32aaec7d74","a20cbce9-bb5f-4409-8b2e-9a32aaec7d74.png","True","E:\SteamLibrary\steamapps\common\Scrap Mechanic\Survival\Terrain\Tiles\roads_biomes\Road(0101)_Field(1111)_01.tile","E:\SteamLibrary\steamapps\common\Scrap Mechanic\Survival\Terrain\Tiles\roads_biomes\Road(0101)_Field(1111)_01.tileson","roads_biomes","True"
"Road(0101)_Forest(0001)_01.tile","92b6ed7f-91e2-4f05-bbc9-261d320fa23a","92b6ed7f-91e2-4f05-bbc9-261d320fa23a.png","True","E:\SteamLibrary\steamapps\common\Scrap Mechanic\Survival\Terrain\Tiles\roads_biomes\Road(0101)_Forest(0001)_01.tile","E:\SteamLibrary\steamapps\common\Scrap Mechanic\Survival\Terrain\Tiles\roads_biomes\Road(0101)_Forest(0001)_01.tileson","roads_biomes","True"
"Road(0101)_Forest(0010)_01.tile","98a5e16c-ede2-4580-8ad9-ef070d9fbd29","98a5e16c-ede2-4580-8ad9-ef070d9fbd29.png","True","E:\SteamLibrary\steamapps\common\Scrap Mechanic\Survival\Terrain\Tiles\roads_biomes\Road(0101)_Forest(0010)_01.tile","E:\SteamLibrary\steamapps\common\Scrap Mechanic\Survival\Terrain\Tiles\roads_biomes\Road(0101)_Forest(0010)_01.tileson","roads_biomes","True"
"Road(0101)_Forest(0011)_01.tile","cd6cdd6f-90e1-4355-8bf9-77ac83b2248c","cd6cdd6f-90e1-4355-8bf9-77ac83b2248c.png","True","E:\SteamLibrary\steamapps\common\Scrap Mechanic\Survival\Terrain\Tiles\roads_biomes\Road(0101)_Forest(0011)_01.tile","E:\SteamLibrary\steamapps\common\Scrap Mechanic\Survival\Terrain\Tiles\roads_biomes\Road(0101)_Forest(0011)_01.tileson","roads_biomes","True"
"Road(0101)_Forest(0111)_01.tile","14e2d035-871f-4420-8a05-783a377c6471","14e2d035-871f-4420-8a05-783a377c6471.png","True","E:\SteamLibrary\steamapps\common\Scrap Mechanic\Survival\Terrain\Tiles\roads_biomes\Road(0101)_Forest(0111)_01.tile","E:\SteamLibrary\steamapps\common\Scrap Mechanic\Survival\Terrain\Tiles\roads_biomes\Road(0101)_Forest(0111)_01.tileson","roads_biomes","True"
"Road(0101)_Forest(1001)_01.tile","dfec295c-66d9-498c-8f18-72447167dbdf","dfec295c-66d9-498c-8f18-72447167dbdf.png","True","E:\SteamLibrary\steamapps\common\Scrap Mechanic\Survival\Terrain\Tiles\roads_biomes\Road(0101)_Forest(1001)_01.tile","E:\SteamLibrary\steamapps\common\Scrap Mechanic\Survival\Terrain\Tiles\roads_biomes\Road(0101)_Forest(1001)_01.tileson","roads_biomes","True"
"Road(0101)_Forest(1011)_01.tile","a8bc9bb7-76ed-4dc1-a746-dc81b46cc77b","a8bc9bb7-76ed-4dc1-a746-dc81b46cc77b.png","True","E:\SteamLibrary\steamapps\common\Scrap Mechanic\Survival\Terrain\Tiles\roads_biomes\Road(0101)_Forest(1011)_01.tile","E:\SteamLibrary\steamapps\common\Scrap Mechanic\Survival\Terrain\Tiles\roads_biomes\Road(0101)_Forest(1011)_01.tileson","roads_biomes","True"
"Road(0101)_Forest(1111)_01.tile","e0be898b-49b2-4710-8a3c-47a1999376e1","e0be898b-49b2-4710-8a3c-47a1999376e1.png","True","E:\SteamLibrary\steamapps\common\Scrap Mechanic\Survival\Terrain\Tiles\roads_biomes\Road(0101)_Forest(1111)_01.tile","E:\SteamLibrary\steamapps\common\Scrap Mechanic\Survival\Terrain\Tiles\roads_biomes\Road(0101)_Forest(1111)_01.tileson","roads_biomes","True"
"Road(0101)_Lake(0001)_01.tile","e8f3a25c-1e74-4244-bfc8-9560f2511b56","e8f3a25c-1e74-4244-bfc8-9560f2511b56.png","True","E:\SteamLibrary\steamapps\common\Scrap Mechanic\Survival\Terrain\Tiles\roads_biomes\Road(0101)_Lake(0001)_01.tile","E:\SteamLibrary\steamapps\common\Scrap Mechanic\Survival\Terrain\Tiles\roads_biomes\Road(0101)_Lake(0001)_01.tileson","roads_biomes","True"
"Road(0101)_Lake(0010)_01.tile","d72cd356-f436-4d6f-b98d-48363d2538eb","d72cd356-f436-4d6f-b98d-48363d2538eb.png","True","E:\SteamLibrary\steamapps\common\Scrap Mechanic\Survival\Terrain\Tiles\roads_biomes\Road(0101)_Lake(0010)_01.tile","E:\SteamLibrary\steamapps\common\Scrap Mechanic\Survival\Terrain\Tiles\roads_biomes\Road(0101)_Lake(0010)_01.tileson","roads_biomes","True"
"Road(0101)_Lake(0011)_01.tile","ba2e96b3-bf93-4d8b-a64d-eed203614b5c","ba2e96b3-bf93-4d8b-a64d-eed203614b5c.png","True","E:\SteamLibrary\steamapps\common\Scrap Mechanic\Survival\Terrain\Tiles\roads_biomes\Road(0101)_Lake(0011)_01.tile","E:\SteamLibrary\steamapps\common\Scrap Mechanic\Survival\Terrain\Tiles\roads_biomes\Road(0101)_Lake(0011)_01.tileson","roads_biomes","True"
"Road(0101)_Lake(0011)_02.tile","2e599b00-a4f6-4490-b714-b4673e539268","2e599b00-a4f6-4490-b714-b4673e539268.png","True","E:\SteamLibrary\steamapps\common\Scrap Mechanic\Survival\Terrain\Tiles\roads_biomes\Road(0101)_Lake(0011)_02.tile","E:\SteamLibrary\steamapps\common\Scrap Mechanic\Survival\Terrain\Tiles\roads_biomes\Road(0101)_Lake(0011)_02.tileson","roads_biomes","True"
"Road(0101)_Lake(1001)_01.tile","80f1d48d-51a7-4bc8-9315-9567de8c253a","80f1d48d-51a7-4bc8-9315-9567de8c253a.png","True","E:\SteamLibrary\steamapps\common\Scrap Mechanic\Survival\Terrain\Tiles\roads_biomes\Road(0101)_Lake(1001)_01.tile","E:\SteamLibrary\steamapps\common\Scrap Mechanic\Survival\Terrain\Tiles\roads_biomes\Road(0101)_Lake(1001)_01.tileson","roads_biomes","True"
"Road(0101)_Lake(1001)_02.tile","f70f4e7e-8f33-438b-91e5-ecd953e9cf83","f70f4e7e-8f33-438b-91e5-ecd953e9cf83.png","True","E:\SteamLibrary\steamapps\common\Scrap Mechanic\Survival\Terrain\Tiles\roads_biomes\Road(0101)_Lake(1001)_02.tile","E:\SteamLibrary\steamapps\common\Scrap Mechanic\Survival\Terrain\Tiles\roads_biomes\Road(0101)_Lake(1001)_02.tileson","roads_biomes","True"
"Road(0101)_Lake(1001)_03.tile","38bd425b-6169-4aa8-9a8c-70545299e42a","38bd425b-6169-4aa8-9a8c-70545299e42a.png","True","E:\SteamLibrary\steamapps\common\Scrap Mechanic\Survival\Terrain\Tiles\roads_biomes\Road(0101)_Lake(1001)_03.tile","E:\SteamLibrary\steamapps\common\Scrap Mechanic\Survival\Terrain\Tiles\roads_biomes\Road(0101)_Lake(1001)_03.tileson","roads_biomes","True"
"Road(0101)_Lake(1111)_01.tile","a5220463-8117-4e95-8e70-fe71c42b631a","a5220463-8117-4e95-8e70-fe71c42b631a.png","True","E:\SteamLibrary\steamapps\common\Scrap Mechanic\Survival\Terrain\Tiles\roads_biomes\Road(0101)_Lake(1111)_01.tile","E:\SteamLibrary\steamapps\common\Scrap Mechanic\Survival\Terrain\Tiles\roads_biomes\Road(0101)_Lake(1111)_01.tileson","roads_biomes","True"
"Road(0101)_Lake(1111)_02.tile","568c541a-0d29-4a3c-a73c-dc5c1cb36b61","568c541a-0d29-4a3c-a73c-dc5c1cb36b61.png","True","E:\SteamLibrary\steamapps\common\Scrap Mechanic\Survival\Terrain\Tiles\roads_biomes\Road(0101)_Lake(1111)_02.tile","E:\SteamLibrary\steamapps\common\Scrap Mechanic\Survival\Terrain\Tiles\roads_biomes\Road(0101)_Lake(1111)_02.tileson","roads_biomes","True"
"Road(0101)_Lake(1111)_03.tile","4ebcfa79-e86a-4c20-bf38-0b863abad849","4ebcfa79-e86a-4c20-bf38-0b863abad849.png","True","E:\SteamLibrary\steamapps\common\Scrap Mechanic\Survival\Terrain\Tiles\roads_biomes\Road(0101)_Lake(1111)_03.tile","E:\SteamLibrary\steamapps\common\Scrap Mechanic\Survival\Terrain\Tiles\roads_biomes\Road(0101)_Lake(1111)_03.tileson","roads_biomes","True"
"Road(0111)_Forest(1111)_01.tile","92686933-9abd-4765-90ee-b30bc1a8c296","92686933-9abd-4765-90ee-b30bc1a8c296.png","True","E:\SteamLibrary\steamapps\common\Scrap Mechanic\Survival\Terrain\Tiles\roads_biomes\Road(0111)_Forest(1111)_01.tile","E:\SteamLibrary\steamapps\common\Scrap Mechanic\Survival\Terrain\Tiles\roads_biomes\Road(0111)_Forest(1111)_01.tileson","roads_biomes","True"
"Road(1111)_Forest(1111)_01.tile","775c34a6-d473-4b53-9b46-881bfaada491","775c34a6-d473-4b53-9b46-881bfaada491.png","True","E:\SteamLibrary\steamapps\common\Scrap Mechanic\Survival\Terrain\Tiles\roads_biomes\Road(1111)_Forest(1111)_01.tile","E:\SteamLibrary\steamapps\common\Scrap Mechanic\Survival\Terrain\Tiles\roads_biomes\Road(1111)_Forest(1111)_01.tileson","roads_biomes","True"
"SurvivalStartArea_BigRuin_01.tile","6b099f5a-4a59-4303-9629-3b38a394119d","6b099f5a-4a59-4303-9629-3b38a394119d.png","True","E:\SteamLibrary\steamapps\common\Scrap Mechanic\Survival\Terrain\Tiles\start_area\SurvivalStartArea_BigRuin_01.tile","E:\SteamLibrary\steamapps\common\Scrap Mechanic\Survival\Terrain\Tiles\start_area\SurvivalStartArea_BigRuin_01.tileson","start_area","True"
"SurvivalStartArea_BigRuin_01_NEW.tile","baf427f1-2bb1-41e8-8868-44fc12af5590","baf427f1-2bb1-41e8-8868-44fc12af5590.png","True","E:\SteamLibrary\steamapps\common\Scrap Mechanic\Survival\Terrain\Tiles\start_area\SurvivalStartArea_BigRuin_01_NEW.tile","E:\SteamLibrary\steamapps\common\Scrap Mechanic\Survival\Terrain\Tiles\start_area\SurvivalStartArea_BigRuin_01_NEW.tileson","start_area","True"
"SurvivalStartArea_BossMountain_01.tile","5deb2830-b52e-40af-91c2-e53aee6c5165","5deb2830-b52e-40af-91c2-e53aee6c5165.png","True","E:\SteamLibrary\steamapps\common\Scrap Mechanic\Survival\Terrain\Tiles\start_area\SurvivalStartArea_BossMountain_01.tile","E:\SteamLibrary\steamapps\common\Scrap Mechanic\Survival\Terrain\Tiles\start_area\SurvivalStartArea_BossMountain_01.tileson","start_area","True"
"SurvivalStartArea_CrashedShip_01.tile","f6e1a6f1-ac23-4fa5-b083-33ea37f4550e","f6e1a6f1-ac23-4fa5-b083-33ea37f4550e.png","True","E:\SteamLibrary\steamapps\common\Scrap Mechanic\Survival\Terrain\Tiles\start_area\SurvivalStartArea_CrashedShip_01.tile","E:\SteamLibrary\steamapps\common\Scrap Mechanic\Survival\Terrain\Tiles\start_area\SurvivalStartArea_CrashedShip_01.tileson","start_area","True"
"SurvivalStartArea_CrashedShip_01_NEW.tile","28c8f354-3919-46e4-a311-6c3ceee5b5d9","28c8f354-3919-46e4-a311-6c3ceee5b5d9.png","True","E:\SteamLibrary\steamapps\common\Scrap Mechanic\Survival\Terrain\Tiles\start_area\SurvivalStartArea_CrashedShip_01_NEW.tile","E:\SteamLibrary\steamapps\common\Scrap Mechanic\Survival\Terrain\Tiles\start_area\SurvivalStartArea_CrashedShip_01_NEW.tileson","start_area","True"
"SurvivalStartArea_CrashedTower_01.tile","af576b76-b6a2-49ea-8451-4001f1c28d7c","af576b76-b6a2-49ea-8451-4001f1c28d7c.png","True","E:\SteamLibrary\steamapps\common\Scrap Mechanic\Survival\Terrain\Tiles\start_area\SurvivalStartArea_CrashedTower_01.tile","E:\SteamLibrary\steamapps\common\Scrap Mechanic\Survival\Terrain\Tiles\start_area\SurvivalStartArea_CrashedTower_01.tileson","start_area","True"
"SurvivalStartArea_CrashedTower_01_NEW.tile","943c232a-a780-4099-bffc-54ce08c184c5","943c232a-a780-4099-bffc-54ce08c184c5.png","True","E:\SteamLibrary\steamapps\common\Scrap Mechanic\Survival\Terrain\Tiles\start_area\SurvivalStartArea_CrashedTower_01_NEW.tile","E:\SteamLibrary\steamapps\common\Scrap Mechanic\Survival\Terrain\Tiles\start_area\SurvivalStartArea_CrashedTower_01_NEW.tileson","start_area","True"
"SurvivalStartArea_CrashedTowerCliff_01.tile","ff1f81e2-c68f-4421-ab49-3a68926e3947","ff1f81e2-c68f-4421-ab49-3a68926e3947.png","True","E:\SteamLibrary\steamapps\common\Scrap Mechanic\Survival\Terrain\Tiles\start_area\SurvivalStartArea_CrashedTowerCliff_01.tile","E:\SteamLibrary\steamapps\common\Scrap Mechanic\Survival\Terrain\Tiles\start_area\SurvivalStartArea_CrashedTowerCliff_01.tileson","start_area","True"
"SurvivalStartArea_SmallRuin_A_01.tile","e7c4f9d9-1e57-4a99-9492-75342d65f3c8","e7c4f9d9-1e57-4a99-9492-75342d65f3c8.png","True","E:\SteamLibrary\steamapps\common\Scrap Mechanic\Survival\Terrain\Tiles\start_area\SurvivalStartArea_SmallRuin_A_01.tile","E:\SteamLibrary\steamapps\common\Scrap Mechanic\Survival\Terrain\Tiles\start_area\SurvivalStartArea_SmallRuin_A_01.tileson","start_area","True"
"SurvivalStartArea_SmallRuin_B_01.tile","410858cb-6aa8-418f-8bed-00c0dc920316","410858cb-6aa8-418f-8bed-00c0dc920316.png","True","E:\SteamLibrary\steamapps\common\Scrap Mechanic\Survival\Terrain\Tiles\start_area\SurvivalStartArea_SmallRuin_B_01.tile","E:\SteamLibrary\steamapps\common\Scrap Mechanic\Survival\Terrain\Tiles\start_area\SurvivalStartArea_SmallRuin_B_01.tileson","start_area","True"
"SurvivalStartArea_SmallRuin_C_01.tile","e416821e-aabf-464e-ba61-b7314c651556","e416821e-aabf-464e-ba61-b7314c651556.png","True","E:\SteamLibrary\steamapps\common\Scrap Mechanic\Survival\Terrain\Tiles\start_area\SurvivalStartArea_SmallRuin_C_01.tile","E:\SteamLibrary\steamapps\common\Scrap Mechanic\Survival\Terrain\Tiles\start_area\SurvivalStartArea_SmallRuin_C_01.tileson","start_area","True"
"SurvivalStartArea_SmallRuin_D_01.tile","2141d12a-ae86-4658-8d3f-405d5a301190","2141d12a-ae86-4658-8d3f-405d5a301190.png","True","E:\SteamLibrary\steamapps\common\Scrap Mechanic\Survival\Terrain\Tiles\start_area\SurvivalStartArea_SmallRuin_D_01.tile","E:\SteamLibrary\steamapps\common\Scrap Mechanic\Survival\Terrain\Tiles\start_area\SurvivalStartArea_SmallRuin_D_01.tileson","start_area","True"
"drill1_cave_3a_bot_8x8x3.tile","8162cfa7-50e0-455b-8cbc-fd9a975a7d37","8162cfa7-50e0-455b-8cbc-fd9a975a7d37.png","True","E:\SteamLibrary\steamapps\common\Scrap Mechanic\Survival\Terrain\Tiles\underground\Drill1\Cave\drill1_cave_3a_bot_8x8x3.tile","E:\SteamLibrary\steamapps\common\Scrap Mechanic\Survival\Terrain\Tiles\underground\Drill1\Cave\drill1_cave_3a_bot_8x8x3.tileson","underground\Drill1\Cave","True"
"drill1_cave_4a_top_8x8x4.tile","4aca3419-6e23-4784-b0ca-642f9c0cf709","4aca3419-6e23-4784-b0ca-642f9c0cf709.png","True","E:\SteamLibrary\steamapps\common\Scrap Mechanic\Survival\Terrain\Tiles\underground\Drill1\Cave\drill1_cave_4a_top_8x8x4.tile","E:\SteamLibrary\steamapps\common\Scrap Mechanic\Survival\Terrain\Tiles\underground\Drill1\Cave\drill1_cave_4a_top_8x8x4.tileson","underground\Drill1\Cave","True"
"drill1_cave_4b_bot_8x8x4.tile","bd9b133f-a9e7-437f-8384-0809cfdb6805","bd9b133f-a9e7-437f-8384-0809cfdb6805.png","True","E:\SteamLibrary\steamapps\common\Scrap Mechanic\Survival\Terrain\Tiles\underground\Drill1\Cave\drill1_cave_4b_bot_8x8x4.tile","E:\SteamLibrary\steamapps\common\Scrap Mechanic\Survival\Terrain\Tiles\underground\Drill1\Cave\drill1_cave_4b_bot_8x8x4.tileson","underground\Drill1\Cave","True"
"drill1_cave_5a_top_8x8x5.tile","38d6a889-ac2b-407e-9941-4cde2d0eadd1","38d6a889-ac2b-407e-9941-4cde2d0eadd1.png","True","E:\SteamLibrary\steamapps\common\Scrap Mechanic\Survival\Terrain\Tiles\underground\Drill1\Cave\drill1_cave_5a_top_8x8x5.tile","E:\SteamLibrary\steamapps\common\Scrap Mechanic\Survival\Terrain\Tiles\underground\Drill1\Cave\drill1_cave_5a_top_8x8x5.tileson","underground\Drill1\Cave","True"
"drill1_cave_8a_8x8x8.tile","1cf340c9-da3b-43f6-ac4f-e31475e84328","1cf340c9-da3b-43f6-ac4f-e31475e84328.png","True","E:\SteamLibrary\steamapps\common\Scrap Mechanic\Survival\Terrain\Tiles\underground\Drill1\Cave\drill1_cave_8a_8x8x8.tile","E:\SteamLibrary\steamapps\common\Scrap Mechanic\Survival\Terrain\Tiles\underground\Drill1\Cave\drill1_cave_8a_8x8x8.tileson","underground\Drill1\Cave","True"
"drill1_elevator_12x8x8.tile","03bfa999-82b0-43fa-98e7-aafaa159bde0","03bfa999-82b0-43fa-98e7-aafaa159bde0.png","True","E:\SteamLibrary\steamapps\common\Scrap Mechanic\Survival\Terrain\Tiles\underground\Drill1\drill1_elevator_12x8x8.tile","E:\SteamLibrary\steamapps\common\Scrap Mechanic\Survival\Terrain\Tiles\underground\Drill1\drill1_elevator_12x8x8.tileson","underground\Drill1","True"
"drill1_tunnelpocket_large_crystaltrees_4x4x4.tile","665ed4e9-c724-497c-8ba4-580f3497c39a","665ed4e9-c724-497c-8ba4-580f3497c39a.png","True","E:\SteamLibrary\steamapps\common\Scrap Mechanic\Survival\Terrain\Tiles\underground\Drill1\Tunnelpocket\drill1_tunnelpocket_large_crystaltrees_4x4x4.tile","E:\SteamLibrary\steamapps\common\Scrap Mechanic\Survival\Terrain\Tiles\underground\Drill1\Tunnelpocket\drill1_tunnelpocket_large_crystaltrees_4x4x4.tileson","underground\Drill1\Tunnelpocket","True"
"drill1_tunnelpocket_large_rock1Webb_3x3x6.tile","bad9220b-ca49-45ed-a3ea-bdd7901db2dc","bad9220b-ca49-45ed-a3ea-bdd7901db2dc.png","True","E:\SteamLibrary\steamapps\common\Scrap Mechanic\Survival\Terrain\Tiles\underground\Drill1\Tunnelpocket\drill1_tunnelpocket_large_rock1Webb_3x3x6.tile","E:\SteamLibrary\steamapps\common\Scrap Mechanic\Survival\Terrain\Tiles\underground\Drill1\Tunnelpocket\drill1_tunnelpocket_large_rock1Webb_3x3x6.tileson","underground\Drill1\Tunnelpocket","True"
"drill1_tunnelpocket_large_square_4x4x4.tile","0f9b345f-94db-49e5-bc38-78ba3b0f59e8","0f9b345f-94db-49e5-bc38-78ba3b0f59e8.png","True","E:\SteamLibrary\steamapps\common\Scrap Mechanic\Survival\Terrain\Tiles\underground\Drill1\Tunnelpocket\drill1_tunnelpocket_large_square_4x4x4.tile","E:\SteamLibrary\steamapps\common\Scrap Mechanic\Survival\Terrain\Tiles\underground\Drill1\Tunnelpocket\drill1_tunnelpocket_large_square_4x4x4.tileson","underground\Drill1\Tunnelpocket","True"
"drill1_tunnelpocket_large_t1Balls_4x4x4.tile","17dd1e22-ba39-4349-8e88-9c7f51edff38","17dd1e22-ba39-4349-8e88-9c7f51edff38.png","True","E:\SteamLibrary\steamapps\common\Scrap Mechanic\Survival\Terrain\Tiles\underground\Drill1\Tunnelpocket\drill1_tunnelpocket_large_t1Balls_4x4x4.tile","E:\SteamLibrary\steamapps\common\Scrap Mechanic\Survival\Terrain\Tiles\underground\Drill1\Tunnelpocket\drill1_tunnelpocket_large_t1Balls_4x4x4.tileson","underground\Drill1\Tunnelpocket","True"
"drill1_tunnelpocket_large_t1Dungeon_4x4x4.tile","46bc74de-f609-42f3-ae6e-58c27972dddc","46bc74de-f609-42f3-ae6e-58c27972dddc.png","True","E:\SteamLibrary\steamapps\common\Scrap Mechanic\Survival\Terrain\Tiles\underground\Drill1\Tunnelpocket\drill1_tunnelpocket_large_t1Dungeon_4x4x4.tile","E:\SteamLibrary\steamapps\common\Scrap Mechanic\Survival\Terrain\Tiles\underground\Drill1\Tunnelpocket\drill1_tunnelpocket_large_t1Dungeon_4x4x4.tileson","underground\Drill1\Tunnelpocket","True"
"drill1_tunnelpocket_large_UnderwaterRock1_4x4x3.tile","1b827f01-53b0-4d08-85f4-ce4c1c07478a","1b827f01-53b0-4d08-85f4-ce4c1c07478a.png","True","E:\SteamLibrary\steamapps\common\Scrap Mechanic\Survival\Terrain\Tiles\underground\Drill1\Tunnelpocket\drill1_tunnelpocket_large_UnderwaterRock1_4x4x3.tile","E:\SteamLibrary\steamapps\common\Scrap Mechanic\Survival\Terrain\Tiles\underground\Drill1\Tunnelpocket\drill1_tunnelpocket_large_UnderwaterRock1_4x4x3.tileson","underground\Drill1\Tunnelpocket","True"
"drill1_tunnelpocket_large_vertical_3x3x6.tile","b089aacd-be6b-4f2f-b367-eb9c10e56668","b089aacd-be6b-4f2f-b367-eb9c10e56668.png","True","E:\SteamLibrary\steamapps\common\Scrap Mechanic\Survival\Terrain\Tiles\underground\Drill1\Tunnelpocket\drill1_tunnelpocket_large_vertical_3x3x6.tile","E:\SteamLibrary\steamapps\common\Scrap Mechanic\Survival\Terrain\Tiles\underground\Drill1\Tunnelpocket\drill1_tunnelpocket_large_vertical_3x3x6.tileson","underground\Drill1\Tunnelpocket","True"
"drill1_tunnelpocket_medium_09_3x3x3.tile","8c672499-9818-41fd-bb3b-c07219ede9b6","8c672499-9818-41fd-bb3b-c07219ede9b6.png","True","E:\SteamLibrary\steamapps\common\Scrap Mechanic\Survival\Terrain\Tiles\underground\Drill1\Tunnelpocket\drill1_tunnelpocket_medium_09_3x3x3.tile","E:\SteamLibrary\steamapps\common\Scrap Mechanic\Survival\Terrain\Tiles\underground\Drill1\Tunnelpocket\drill1_tunnelpocket_medium_09_3x3x3.tileson","underground\Drill1\Tunnelpocket","True"
"drill1_tunnelpocket_medium_10_3x3x3.tile","7b8ac27b-33b2-4aca-8274-55b740e5de56","7b8ac27b-33b2-4aca-8274-55b740e5de56.png","True","E:\SteamLibrary\steamapps\common\Scrap Mechanic\Survival\Terrain\Tiles\underground\Drill1\Tunnelpocket\drill1_tunnelpocket_medium_10_3x3x3.tile","E:\SteamLibrary\steamapps\common\Scrap Mechanic\Survival\Terrain\Tiles\underground\Drill1\Tunnelpocket\drill1_tunnelpocket_medium_10_3x3x3.tileson","underground\Drill1\Tunnelpocket","True"
"drill1_tunnelpocket_medium_11_3x3x3.tile","e4578435-5297-44df-b6f1-987476488d40","e4578435-5297-44df-b6f1-987476488d40.png","True","E:\SteamLibrary\steamapps\common\Scrap Mechanic\Survival\Terrain\Tiles\underground\Drill1\Tunnelpocket\drill1_tunnelpocket_medium_11_3x3x3.tile","E:\SteamLibrary\steamapps\common\Scrap Mechanic\Survival\Terrain\Tiles\underground\Drill1\Tunnelpocket\drill1_tunnelpocket_medium_11_3x3x3.tileson","underground\Drill1\Tunnelpocket","True"
"drill1_tunnelpocket_medium_12_3x3x3.tile","cbb76c58-eb90-4a4a-8299-1ba3636dc934","cbb76c58-eb90-4a4a-8299-1ba3636dc934.png","True","E:\SteamLibrary\steamapps\common\Scrap Mechanic\Survival\Terrain\Tiles\underground\Drill1\Tunnelpocket\drill1_tunnelpocket_medium_12_3x3x3.tile","E:\SteamLibrary\steamapps\common\Scrap Mechanic\Survival\Terrain\Tiles\underground\Drill1\Tunnelpocket\drill1_tunnelpocket_medium_12_3x3x3.tileson","underground\Drill1\Tunnelpocket","True"
"drill1_tunnelpocket_medium_13_3x3x3.tile","d0e1ccf8-2b23-472c-a504-aa56d8a03ecf","d0e1ccf8-2b23-472c-a504-aa56d8a03ecf.png","True","E:\SteamLibrary\steamapps\common\Scrap Mechanic\Survival\Terrain\Tiles\underground\Drill1\Tunnelpocket\drill1_tunnelpocket_medium_13_3x3x3.tile","E:\SteamLibrary\steamapps\common\Scrap Mechanic\Survival\Terrain\Tiles\underground\Drill1\Tunnelpocket\drill1_tunnelpocket_medium_13_3x3x3.tileson","underground\Drill1\Tunnelpocket","True"
"drill1_tunnelpocket_medium_claustrophobicDiamond_4x4x1.tile","cc4ec472-9b0c-4a75-bfe1-521c208dd46d","cc4ec472-9b0c-4a75-bfe1-521c208dd46d.png","True","E:\SteamLibrary\steamapps\common\Scrap Mechanic\Survival\Terrain\Tiles\underground\Drill1\Tunnelpocket\drill1_tunnelpocket_medium_claustrophobicDiamond_4x4x1.tile","E:\SteamLibrary\steamapps\common\Scrap Mechanic\Survival\Terrain\Tiles\underground\Drill1\Tunnelpocket\drill1_tunnelpocket_medium_claustrophobicDiamond_4x4x1.tileson","underground\Drill1\Tunnelpocket","True"
"drill1_tunnelpocket_medium_claustrophobicUnderwater_4x4x1.tile","66e4d049-81ef-49dd-9dd0-9954f1455777","66e4d049-81ef-49dd-9dd0-9954f1455777.png","True","E:\SteamLibrary\steamapps\common\Scrap Mechanic\Survival\Terrain\Tiles\underground\Drill1\Tunnelpocket\drill1_tunnelpocket_medium_claustrophobicUnderwater_4x4x1.tile","E:\SteamLibrary\steamapps\common\Scrap Mechanic\Survival\Terrain\Tiles\underground\Drill1\Tunnelpocket\drill1_tunnelpocket_medium_claustrophobicUnderwater_4x4x1.tileson","underground\Drill1\Tunnelpocket","True"
"drill1_tunnelpocket_medium_coraliumledge_3x3x2.tile","a7bbfaa7-7e0c-4bb0-89a4-19d73feaaad9","a7bbfaa7-7e0c-4bb0-89a4-19d73feaaad9.png","True","E:\SteamLibrary\steamapps\common\Scrap Mechanic\Survival\Terrain\Tiles\underground\Drill1\Tunnelpocket\drill1_tunnelpocket_medium_coraliumledge_3x3x2.tile","E:\SteamLibrary\steamapps\common\Scrap Mechanic\Survival\Terrain\Tiles\underground\Drill1\Tunnelpocket\drill1_tunnelpocket_medium_coraliumledge_3x3x2.tileson","underground\Drill1\Tunnelpocket","True"
"drill1_tunnelpocket_medium_coraliumthin_1x3x3.tile","c6ff7b33-cc77-4cf0-9037-bbdd09a9e889","c6ff7b33-cc77-4cf0-9037-bbdd09a9e889.png","True","E:\SteamLibrary\steamapps\common\Scrap Mechanic\Survival\Terrain\Tiles\underground\Drill1\Tunnelpocket\drill1_tunnelpocket_medium_coraliumthin_1x3x3.tile","E:\SteamLibrary\steamapps\common\Scrap Mechanic\Survival\Terrain\Tiles\underground\Drill1\Tunnelpocket\drill1_tunnelpocket_medium_coraliumthin_1x3x3.tileson","underground\Drill1\Tunnelpocket","True"
"drill1_tunnelpocket_medium_coraliumthin_1x3x4.tile","6ac01853-c37e-4a61-9111-dbc1f8cbb283","6ac01853-c37e-4a61-9111-dbc1f8cbb283.png","True","E:\SteamLibrary\steamapps\common\Scrap Mechanic\Survival\Terrain\Tiles\underground\Drill1\Tunnelpocket\drill1_tunnelpocket_medium_coraliumthin_1x3x4.tile","E:\SteamLibrary\steamapps\common\Scrap Mechanic\Survival\Terrain\Tiles\underground\Drill1\Tunnelpocket\drill1_tunnelpocket_medium_coraliumthin_1x3x4.tileson","underground\Drill1\Tunnelpocket","True"
"drill1_tunnelpocket_medium_coraliumtop_3x3x3.tile","9b649965-fbfc-4bbb-8fa2-341bbcb21238","9b649965-fbfc-4bbb-8fa2-341bbcb21238.png","True","E:\SteamLibrary\steamapps\common\Scrap Mechanic\Survival\Terrain\Tiles\underground\Drill1\Tunnelpocket\drill1_tunnelpocket_medium_coraliumtop_3x3x3.tile","E:\SteamLibrary\steamapps\common\Scrap Mechanic\Survival\Terrain\Tiles\underground\Drill1\Tunnelpocket\drill1_tunnelpocket_medium_coraliumtop_3x3x3.tileson","underground\Drill1\Tunnelpocket","True"
"drill1_tunnelpocket_medium_t1coraliumOpen_3x3x3.tile","3c44112a-4119-42d3-9841-d4e0a140e1e8","3c44112a-4119-42d3-9841-d4e0a140e1e8.png","True","E:\SteamLibrary\steamapps\common\Scrap Mechanic\Survival\Terrain\Tiles\underground\Drill1\Tunnelpocket\drill1_tunnelpocket_medium_t1coraliumOpen_3x3x3.tile","E:\SteamLibrary\steamapps\common\Scrap Mechanic\Survival\Terrain\Tiles\underground\Drill1\Tunnelpocket\drill1_tunnelpocket_medium_t1coraliumOpen_3x3x3.tileson","underground\Drill1\Tunnelpocket","True"
"drill1_tunnelpocket_medium_t1Minerbot_3x3x3.tile","abafeadc-ae39-497f-864e-a47cc3cb965b","abafeadc-ae39-497f-864e-a47cc3cb965b.png","True","E:\SteamLibrary\steamapps\common\Scrap Mechanic\Survival\Terrain\Tiles\underground\Drill1\Tunnelpocket\drill1_tunnelpocket_medium_t1Minerbot_3x3x3.tile","E:\SteamLibrary\steamapps\common\Scrap Mechanic\Survival\Terrain\Tiles\underground\Drill1\Tunnelpocket\drill1_tunnelpocket_medium_t1Minerbot_3x3x3.tileson","underground\Drill1\Tunnelpocket","True"
"drill1_tunnelpocket_medium_t1pillarCoralium_3x3x2.tile","24125491-4fc8-44e9-889f-a51fcc47c76f","24125491-4fc8-44e9-889f-a51fcc47c76f.png","True","E:\SteamLibrary\steamapps\common\Scrap Mechanic\Survival\Terrain\Tiles\underground\Drill1\Tunnelpocket\drill1_tunnelpocket_medium_t1pillarCoralium_3x3x2.tile","E:\SteamLibrary\steamapps\common\Scrap Mechanic\Survival\Terrain\Tiles\underground\Drill1\Tunnelpocket\drill1_tunnelpocket_medium_t1pillarCoralium_3x3x2.tileson","underground\Drill1\Tunnelpocket","True"
"drill1_tunnelpocket_medium_t1Reward_3x3x3.tile","95aef878-4663-4311-a8f4-25f4d2eaa173","95aef878-4663-4311-a8f4-25f4d2eaa173.png","True","E:\SteamLibrary\steamapps\common\Scrap Mechanic\Survival\Terrain\Tiles\underground\Drill1\Tunnelpocket\drill1_tunnelpocket_medium_t1Reward_3x3x3.tile","E:\SteamLibrary\steamapps\common\Scrap Mechanic\Survival\Terrain\Tiles\underground\Drill1\Tunnelpocket\drill1_tunnelpocket_medium_t1Reward_3x3x3.tileson","underground\Drill1\Tunnelpocket","True"
"drill1_tunnelpocket_medium_t1veindrillspawner_3x3x2.tile","85b26f18-d617-498d-b7f5-778c89adccb4","85b26f18-d617-498d-b7f5-778c89adccb4.png","True","E:\SteamLibrary\steamapps\common\Scrap Mechanic\Survival\Terrain\Tiles\underground\Drill1\Tunnelpocket\drill1_tunnelpocket_medium_t1veindrillspawner_3x3x2.tile","E:\SteamLibrary\steamapps\common\Scrap Mechanic\Survival\Terrain\Tiles\underground\Drill1\Tunnelpocket\drill1_tunnelpocket_medium_t1veindrillspawner_3x3x2.tileson","underground\Drill1\Tunnelpocket","True"
"tunnelpocket_large_03_ds_4x4x4.tile","ad023d54-ba3d-4387-a9c3-cc595b7eaeb0","ad023d54-ba3d-4387-a9c3-cc595b7eaeb0.png","True","E:\SteamLibrary\steamapps\common\Scrap Mechanic\Survival\Terrain\Tiles\underground\Drill1\Tunnelpocket\DrillSpawn\tunnelpocket_large_03_ds_4x4x4.tile","E:\SteamLibrary\steamapps\common\Scrap Mechanic\Survival\Terrain\Tiles\underground\Drill1\Tunnelpocket\DrillSpawn\tunnelpocket_large_03_ds_4x4x4.tileson","underground\Drill1\Tunnelpocket\DrillSpawn","True"
"tunnelpocket_large_04_ds_4x4x4.tile","1b16d003-e86d-480c-9386-e0a2c4a90d35","1b16d003-e86d-480c-9386-e0a2c4a90d35.png","True","E:\SteamLibrary\steamapps\common\Scrap Mechanic\Survival\Terrain\Tiles\underground\Drill1\Tunnelpocket\DrillSpawn\tunnelpocket_large_04_ds_4x4x4.tile","E:\SteamLibrary\steamapps\common\Scrap Mechanic\Survival\Terrain\Tiles\underground\Drill1\Tunnelpocket\DrillSpawn\tunnelpocket_large_04_ds_4x4x4.tileson","underground\Drill1\Tunnelpocket\DrillSpawn","True"
"tunnelpocket_large_06_ds_4x4x3.tile","c9a1c4b8-fd3f-453e-b6ba-7448f5e1ad31","c9a1c4b8-fd3f-453e-b6ba-7448f5e1ad31.png","True","E:\SteamLibrary\steamapps\common\Scrap Mechanic\Survival\Terrain\Tiles\underground\Drill1\Tunnelpocket\DrillSpawn\tunnelpocket_large_06_ds_4x4x3.tile","E:\SteamLibrary\steamapps\common\Scrap Mechanic\Survival\Terrain\Tiles\underground\Drill1\Tunnelpocket\DrillSpawn\tunnelpocket_large_06_ds_4x4x3.tileson","underground\Drill1\Tunnelpocket\DrillSpawn","True"
"tunnelpocket_large_07_ds_2x4x5.tile","825ea02e-50eb-4a6e-93da-4b3f72914e7c","825ea02e-50eb-4a6e-93da-4b3f72914e7c.png","True","E:\SteamLibrary\steamapps\common\Scrap Mechanic\Survival\Terrain\Tiles\underground\Drill1\Tunnelpocket\DrillSpawn\tunnelpocket_large_07_ds_2x4x5.tile","E:\SteamLibrary\steamapps\common\Scrap Mechanic\Survival\Terrain\Tiles\underground\Drill1\Tunnelpocket\DrillSpawn\tunnelpocket_large_07_ds_2x4x5.tileson","underground\Drill1\Tunnelpocket\DrillSpawn","True"
"tunnelpocket_large_rock1Web_ds_3x3x6.tile","e494247d-adbd-47da-8cc2-583e00c28b5e","e494247d-adbd-47da-8cc2-583e00c28b5e.png","True","E:\SteamLibrary\steamapps\common\Scrap Mechanic\Survival\Terrain\Tiles\underground\Drill1\Tunnelpocket\DrillSpawn\tunnelpocket_large_rock1Web_ds_3x3x6.tile","E:\SteamLibrary\steamapps\common\Scrap Mechanic\Survival\Terrain\Tiles\underground\Drill1\Tunnelpocket\DrillSpawn\tunnelpocket_large_rock1Web_ds_3x3x6.tileson","underground\Drill1\Tunnelpocket\DrillSpawn","True"
"tunnelpocket_large_square_ds_4x4x4.tile","5863468d-3b5c-4e0b-add9-ee90a7eeb7d6","5863468d-3b5c-4e0b-add9-ee90a7eeb7d6.png","True","E:\SteamLibrary\steamapps\common\Scrap Mechanic\Survival\Terrain\Tiles\underground\Drill1\Tunnelpocket\DrillSpawn\tunnelpocket_large_square_ds_4x4x4.tile","E:\SteamLibrary\steamapps\common\Scrap Mechanic\Survival\Terrain\Tiles\underground\Drill1\Tunnelpocket\DrillSpawn\tunnelpocket_large_square_ds_4x4x4.tileson","underground\Drill1\Tunnelpocket\DrillSpawn","True"
"tunnelpocket_large_t1Balls_ds_4x4x4.tile","c6bef073-8ca9-4ab6-a3e0-60b1a59b0706","c6bef073-8ca9-4ab6-a3e0-60b1a59b0706.png","True","E:\SteamLibrary\steamapps\common\Scrap Mechanic\Survival\Terrain\Tiles\underground\Drill1\Tunnelpocket\DrillSpawn\tunnelpocket_large_t1Balls_ds_4x4x4.tile","E:\SteamLibrary\steamapps\common\Scrap Mechanic\Survival\Terrain\Tiles\underground\Drill1\Tunnelpocket\DrillSpawn\tunnelpocket_large_t1Balls_ds_4x4x4.tileson","underground\Drill1\Tunnelpocket\DrillSpawn","True"
"tunnelpocket_large_t1Dungeon_ds_4x4x4.tile","838426be-2faa-4823-bdfc-85b731db022a","838426be-2faa-4823-bdfc-85b731db022a.png","True","E:\SteamLibrary\steamapps\common\Scrap Mechanic\Survival\Terrain\Tiles\underground\Drill1\Tunnelpocket\DrillSpawn\tunnelpocket_large_t1Dungeon_ds_4x4x4.tile","E:\SteamLibrary\steamapps\common\Scrap Mechanic\Survival\Terrain\Tiles\underground\Drill1\Tunnelpocket\DrillSpawn\tunnelpocket_large_t1Dungeon_ds_4x4x4.tileson","underground\Drill1\Tunnelpocket\DrillSpawn","True"
"tunnelpocket_large_underwaterRock1_ds_4x4x3.tile","085ebd0b-3de3-472d-8891-da3f1005bc3f","085ebd0b-3de3-472d-8891-da3f1005bc3f.png","True","E:\SteamLibrary\steamapps\common\Scrap Mechanic\Survival\Terrain\Tiles\underground\Drill1\Tunnelpocket\DrillSpawn\tunnelpocket_large_underwaterRock1_ds_4x4x3.tile","E:\SteamLibrary\steamapps\common\Scrap Mechanic\Survival\Terrain\Tiles\underground\Drill1\Tunnelpocket\DrillSpawn\tunnelpocket_large_underwaterRock1_ds_4x4x3.tileson","underground\Drill1\Tunnelpocket\DrillSpawn","True"
"tunnelpocket_large_vertical_ds_3x3x6.tile","0e35806f-34ea-47fa-b4ed-98d94a823f14","0e35806f-34ea-47fa-b4ed-98d94a823f14.png","True","E:\SteamLibrary\steamapps\common\Scrap Mechanic\Survival\Terrain\Tiles\underground\Drill1\Tunnelpocket\DrillSpawn\tunnelpocket_large_vertical_ds_3x3x6.tile","E:\SteamLibrary\steamapps\common\Scrap Mechanic\Survival\Terrain\Tiles\underground\Drill1\Tunnelpocket\DrillSpawn\tunnelpocket_large_vertical_ds_3x3x6.tileson","underground\Drill1\Tunnelpocket\DrillSpawn","True"
"drill2_cave_3a_bot_8x8x3.tile","8e738412-fa02-42c6-9937-8c47064a0bf5","8e738412-fa02-42c6-9937-8c47064a0bf5.png","True","E:\SteamLibrary\steamapps\common\Scrap Mechanic\Survival\Terrain\Tiles\underground\Drill2\Cave\drill2_cave_3a_bot_8x8x3.tile","E:\SteamLibrary\steamapps\common\Scrap Mechanic\Survival\Terrain\Tiles\underground\Drill2\Cave\drill2_cave_3a_bot_8x8x3.tileson","underground\Drill2\Cave","True"
"drill2_cave_3b_top_8x8x3.tile","af3d7f0f-aac6-4570-918c-f25ef9e94580","af3d7f0f-aac6-4570-918c-f25ef9e94580.png","True","E:\SteamLibrary\steamapps\common\Scrap Mechanic\Survival\Terrain\Tiles\underground\Drill2\Cave\drill2_cave_3b_top_8x8x3.tile","E:\SteamLibrary\steamapps\common\Scrap Mechanic\Survival\Terrain\Tiles\underground\Drill2\Cave\drill2_cave_3b_top_8x8x3.tileson","underground\Drill2\Cave","True"
"drill2_cave_4a_top_8x8x4.tile","80383f42-0931-415b-aec3-79bcd846fe0b","80383f42-0931-415b-aec3-79bcd846fe0b.png","True","E:\SteamLibrary\steamapps\common\Scrap Mechanic\Survival\Terrain\Tiles\underground\Drill2\Cave\drill2_cave_4a_top_8x8x4.tile","E:\SteamLibrary\steamapps\common\Scrap Mechanic\Survival\Terrain\Tiles\underground\Drill2\Cave\drill2_cave_4a_top_8x8x4.tileson","underground\Drill2\Cave","True"
"drill2_cave_4b_bot_8x8x4.tile","d0dd97a8-0fe7-4d0b-8117-99debb2737ca","d0dd97a8-0fe7-4d0b-8117-99debb2737ca.png","True","E:\SteamLibrary\steamapps\common\Scrap Mechanic\Survival\Terrain\Tiles\underground\Drill2\Cave\drill2_cave_4b_bot_8x8x4.tile","E:\SteamLibrary\steamapps\common\Scrap Mechanic\Survival\Terrain\Tiles\underground\Drill2\Cave\drill2_cave_4b_bot_8x8x4.tileson","underground\Drill2\Cave","True"
"drill2_cave_4c_top_8x8x4.tile","39ddaf27-c3d1-4e1f-a2c7-f8b6acc7a91c","39ddaf27-c3d1-4e1f-a2c7-f8b6acc7a91c.png","True","E:\SteamLibrary\steamapps\common\Scrap Mechanic\Survival\Terrain\Tiles\underground\Drill2\Cave\drill2_cave_4c_top_8x8x4.tile","E:\SteamLibrary\steamapps\common\Scrap Mechanic\Survival\Terrain\Tiles\underground\Drill2\Cave\drill2_cave_4c_top_8x8x4.tileson","underground\Drill2\Cave","True"
"drill2_cave_4d_bot_8x8x4.tile","a4d9fdc9-f859-4ced-84fd-a982890a4bac","a4d9fdc9-f859-4ced-84fd-a982890a4bac.png","True","E:\SteamLibrary\steamapps\common\Scrap Mechanic\Survival\Terrain\Tiles\underground\Drill2\Cave\drill2_cave_4d_bot_8x8x4.tile","E:\SteamLibrary\steamapps\common\Scrap Mechanic\Survival\Terrain\Tiles\underground\Drill2\Cave\drill2_cave_4d_bot_8x8x4.tileson","underground\Drill2\Cave","True"
"drill2_cave_5a_top_8x8x5.tile","d8a75f0b-4806-487b-8dfe-e8474cd099d5","d8a75f0b-4806-487b-8dfe-e8474cd099d5.png","True","E:\SteamLibrary\steamapps\common\Scrap Mechanic\Survival\Terrain\Tiles\underground\Drill2\Cave\drill2_cave_5a_top_8x8x5.tile","E:\SteamLibrary\steamapps\common\Scrap Mechanic\Survival\Terrain\Tiles\underground\Drill2\Cave\drill2_cave_5a_top_8x8x5.tileson","underground\Drill2\Cave","True"
"drill2_cave_5b_bot_8x8x5.tile","68d05df7-a926-4cae-8de5-58b0192e1b84","68d05df7-a926-4cae-8de5-58b0192e1b84.png","True","E:\SteamLibrary\steamapps\common\Scrap Mechanic\Survival\Terrain\Tiles\underground\Drill2\Cave\drill2_cave_5b_bot_8x8x5.tile","E:\SteamLibrary\steamapps\common\Scrap Mechanic\Survival\Terrain\Tiles\underground\Drill2\Cave\drill2_cave_5b_bot_8x8x5.tileson","underground\Drill2\Cave","True"
"drill2_cave_8a_8x8x8.tile","50b6a878-ce3d-4326-8d93-439fe1a282e3","50b6a878-ce3d-4326-8d93-439fe1a282e3.png","True","E:\SteamLibrary\steamapps\common\Scrap Mechanic\Survival\Terrain\Tiles\underground\Drill2\Cave\drill2_cave_8a_8x8x8.tile","E:\SteamLibrary\steamapps\common\Scrap Mechanic\Survival\Terrain\Tiles\underground\Drill2\Cave\drill2_cave_8a_8x8x8.tileson","underground\Drill2\Cave","True"
"drill2_cave_8b_8x8x8.tile","0748795c-70bc-450d-9a34-739d1425887a","0748795c-70bc-450d-9a34-739d1425887a.png","True","E:\SteamLibrary\steamapps\common\Scrap Mechanic\Survival\Terrain\Tiles\underground\Drill2\Cave\drill2_cave_8b_8x8x8.tile","E:\SteamLibrary\steamapps\common\Scrap Mechanic\Survival\Terrain\Tiles\underground\Drill2\Cave\drill2_cave_8b_8x8x8.tileson","underground\Drill2\Cave","True"
"drill2_elevator_12x8x8.tile","52b1c24b-befd-41a6-95c4-54d697737fa6","52b1c24b-befd-41a6-95c4-54d697737fa6.png","True","E:\SteamLibrary\steamapps\common\Scrap Mechanic\Survival\Terrain\Tiles\underground\Drill2\drill2_elevator_12x8x8.tile","E:\SteamLibrary\steamapps\common\Scrap Mechanic\Survival\Terrain\Tiles\underground\Drill2\drill2_elevator_12x8x8.tileson","underground\Drill2","True"
"drill2_pocket_medium_t2Minerbot_3x3x3.tile","640271d7-17e6-40ac-b83d-9c91ded8336a","640271d7-17e6-40ac-b83d-9c91ded8336a.png","True","E:\SteamLibrary\steamapps\common\Scrap Mechanic\Survival\Terrain\Tiles\underground\Drill2\Pocket\drill2_pocket_medium_t2Minerbot_3x3x3.tile","E:\SteamLibrary\steamapps\common\Scrap Mechanic\Survival\Terrain\Tiles\underground\Drill2\Pocket\drill2_pocket_medium_t2Minerbot_3x3x3.tileson","underground\Drill2\Pocket","True"
"drill2_pocket_sapphirepillars_01_4x4x4.tile","de7dbb0e-5cc6-4349-b79c-b4dea47e7429","de7dbb0e-5cc6-4349-b79c-b4dea47e7429.png","True","E:\SteamLibrary\steamapps\common\Scrap Mechanic\Survival\Terrain\Tiles\underground\Drill2\Pocket\drill2_pocket_sapphirepillars_01_4x4x4.tile","E:\SteamLibrary\steamapps\common\Scrap Mechanic\Survival\Terrain\Tiles\underground\Drill2\Pocket\drill2_pocket_sapphirepillars_01_4x4x4.tileson","underground\Drill2\Pocket","True"
"drill2_pocket_tiny_01_1x1x1.tile","24222630-9859-4038-89b8-b0d4f8df57ab","24222630-9859-4038-89b8-b0d4f8df57ab.png","True","E:\SteamLibrary\steamapps\common\Scrap Mechanic\Survival\Terrain\Tiles\underground\Drill2\Pocket\drill2_pocket_tiny_01_1x1x1.tile","E:\SteamLibrary\steamapps\common\Scrap Mechanic\Survival\Terrain\Tiles\underground\Drill2\Pocket\drill2_pocket_tiny_01_1x1x1.tileson","underground\Drill2\Pocket","True"
"drill2_tunnelpocket_large_03_4x4x4.tile","14b7c3c3-0ca1-45bf-aee3-8cfad4fdae52","14b7c3c3-0ca1-45bf-aee3-8cfad4fdae52.png","True","E:\SteamLibrary\steamapps\common\Scrap Mechanic\Survival\Terrain\Tiles\underground\Drill2\Tunnelpocket\Large\drill2_tunnelpocket_large_03_4x4x4.tile","E:\SteamLibrary\steamapps\common\Scrap Mechanic\Survival\Terrain\Tiles\underground\Drill2\Tunnelpocket\Large\drill2_tunnelpocket_large_03_4x4x4.tileson","underground\Drill2\Tunnelpocket\Large","True"
"drill2_tunnelpocket_large_04_4x4x4.tile","4ee3453c-0acd-4d6b-95c6-105e867e5c9a","4ee3453c-0acd-4d6b-95c6-105e867e5c9a.png","True","E:\SteamLibrary\steamapps\common\Scrap Mechanic\Survival\Terrain\Tiles\underground\Drill2\Tunnelpocket\Large\drill2_tunnelpocket_large_04_4x4x4.tile","E:\SteamLibrary\steamapps\common\Scrap Mechanic\Survival\Terrain\Tiles\underground\Drill2\Tunnelpocket\Large\drill2_tunnelpocket_large_04_4x4x4.tileson","underground\Drill2\Tunnelpocket\Large","True"
"drill2_tunnelpocket_large_06_4x4x3.tile","1ac4e478-1c88-49e0-9e27-2c8883082f2b","1ac4e478-1c88-49e0-9e27-2c8883082f2b.png","True","E:\SteamLibrary\steamapps\common\Scrap Mechanic\Survival\Terrain\Tiles\underground\Drill2\Tunnelpocket\Large\drill2_tunnelpocket_large_06_4x4x3.tile","E:\SteamLibrary\steamapps\common\Scrap Mechanic\Survival\Terrain\Tiles\underground\Drill2\Tunnelpocket\Large\drill2_tunnelpocket_large_06_4x4x3.tileson","underground\Drill2\Tunnelpocket\Large","True"
"drill2_tunnelpocket_large_cyrstaltrees_4x4x4.tile","e465fd6b-e051-4130-8944-9ba29f13cd87","e465fd6b-e051-4130-8944-9ba29f13cd87.png","True","E:\SteamLibrary\steamapps\common\Scrap Mechanic\Survival\Terrain\Tiles\underground\Drill2\Tunnelpocket\Large\drill2_tunnelpocket_large_cyrstaltrees_4x4x4.tile","E:\SteamLibrary\steamapps\common\Scrap Mechanic\Survival\Terrain\Tiles\underground\Drill2\Tunnelpocket\Large\drill2_tunnelpocket_large_cyrstaltrees_4x4x4.tileson","underground\Drill2\Tunnelpocket\Large","True"
"drill2_tunnelpocket_large_dungeon_4x4x4.tile","b12ea270-2cff-42ab-ac59-2b0e8562da8e","b12ea270-2cff-42ab-ac59-2b0e8562da8e.png","True","E:\SteamLibrary\steamapps\common\Scrap Mechanic\Survival\Terrain\Tiles\underground\Drill2\Tunnelpocket\Large\drill2_tunnelpocket_large_dungeon_4x4x4.tile","E:\SteamLibrary\steamapps\common\Scrap Mechanic\Survival\Terrain\Tiles\underground\Drill2\Tunnelpocket\Large\drill2_tunnelpocket_large_dungeon_4x4x4.tileson","underground\Drill2\Tunnelpocket\Large","True"
"drill2_tunnelpocket_large_formations_4x4x4.tile","d974db78-8f2f-43ef-98ea-7b67c430749a","d974db78-8f2f-43ef-98ea-7b67c430749a.png","True","E:\SteamLibrary\steamapps\common\Scrap Mechanic\Survival\Terrain\Tiles\underground\Drill2\Tunnelpocket\Large\drill2_tunnelpocket_large_formations_4x4x4.tile","E:\SteamLibrary\steamapps\common\Scrap Mechanic\Survival\Terrain\Tiles\underground\Drill2\Tunnelpocket\Large\drill2_tunnelpocket_large_formations_4x4x4.tileson","underground\Drill2\Tunnelpocket\Large","True"
"drill2_tunnelpocket_large_square_4x4x4.tile","f69c3b71-aeee-4466-9208-38855bc85830","f69c3b71-aeee-4466-9208-38855bc85830.png","True","E:\SteamLibrary\steamapps\common\Scrap Mechanic\Survival\Terrain\Tiles\underground\Drill2\Tunnelpocket\Large\drill2_tunnelpocket_large_square_4x4x4.tile","E:\SteamLibrary\steamapps\common\Scrap Mechanic\Survival\Terrain\Tiles\underground\Drill2\Tunnelpocket\Large\drill2_tunnelpocket_large_square_4x4x4.tileson","underground\Drill2\Tunnelpocket\Large","True"
"drill2_tunnelpocket_large_vertical_3x3x6.tile","0a13149f-55ee-427a-82c1-84e169fab11a","0a13149f-55ee-427a-82c1-84e169fab11a.png","True","E:\SteamLibrary\steamapps\common\Scrap Mechanic\Survival\Terrain\Tiles\underground\Drill2\Tunnelpocket\Large\drill2_tunnelpocket_large_vertical_3x3x6.tile","E:\SteamLibrary\steamapps\common\Scrap Mechanic\Survival\Terrain\Tiles\underground\Drill2\Tunnelpocket\Large\drill2_tunnelpocket_large_vertical_3x3x6.tileson","underground\Drill2\Tunnelpocket\Large","True"
"drill2_tunnelpocket_medium_01_3x3x3.tile","5599000a-00ae-4ad6-a80e-8055041da440","5599000a-00ae-4ad6-a80e-8055041da440.png","True","E:\SteamLibrary\steamapps\common\Scrap Mechanic\Survival\Terrain\Tiles\underground\Drill2\Tunnelpocket\Medium\drill2_tunnelpocket_medium_01_3x3x3.tile","E:\SteamLibrary\steamapps\common\Scrap Mechanic\Survival\Terrain\Tiles\underground\Drill2\Tunnelpocket\Medium\drill2_tunnelpocket_medium_01_3x3x3.tileson","underground\Drill2\Tunnelpocket\Medium","True"
"drill2_tunnelpocket_medium_02_3x3x2.tile","47a4ae58-8295-4a9e-9236-c5d13f7ad006","47a4ae58-8295-4a9e-9236-c5d13f7ad006.png","True","E:\SteamLibrary\steamapps\common\Scrap Mechanic\Survival\Terrain\Tiles\underground\Drill2\Tunnelpocket\Medium\drill2_tunnelpocket_medium_02_3x3x2.tile","E:\SteamLibrary\steamapps\common\Scrap Mechanic\Survival\Terrain\Tiles\underground\Drill2\Tunnelpocket\Medium\drill2_tunnelpocket_medium_02_3x3x2.tileson","underground\Drill2\Tunnelpocket\Medium","True"
"drill2_tunnelpocket_medium_03_2x2x4.tile","728de782-9ae8-4138-8509-326ef05f0c05","728de782-9ae8-4138-8509-326ef05f0c05.png","True","E:\SteamLibrary\steamapps\common\Scrap Mechanic\Survival\Terrain\Tiles\underground\Drill2\Tunnelpocket\Medium\drill2_tunnelpocket_medium_03_2x2x4.tile","E:\SteamLibrary\steamapps\common\Scrap Mechanic\Survival\Terrain\Tiles\underground\Drill2\Tunnelpocket\Medium\drill2_tunnelpocket_medium_03_2x2x4.tileson","underground\Drill2\Tunnelpocket\Medium","True"
"drill2_tunnelpocket_medium_04_3x3x2.tile","2e30a8cf-f2ef-4d39-a8eb-d930dd7c8499","2e30a8cf-f2ef-4d39-a8eb-d930dd7c8499.png","True","E:\SteamLibrary\steamapps\common\Scrap Mechanic\Survival\Terrain\Tiles\underground\Drill2\Tunnelpocket\Medium\drill2_tunnelpocket_medium_04_3x3x2.tile","E:\SteamLibrary\steamapps\common\Scrap Mechanic\Survival\Terrain\Tiles\underground\Drill2\Tunnelpocket\Medium\drill2_tunnelpocket_medium_04_3x3x2.tileson","underground\Drill2\Tunnelpocket\Medium","True"
"drill2_tunnelpocket_medium_05_3x3x3.tile","d380166f-c41f-433d-8a41-70bb7084a201","d380166f-c41f-433d-8a41-70bb7084a201.png","True","E:\SteamLibrary\steamapps\common\Scrap Mechanic\Survival\Terrain\Tiles\underground\Drill2\Tunnelpocket\Medium\drill2_tunnelpocket_medium_05_3x3x3.tile","E:\SteamLibrary\steamapps\common\Scrap Mechanic\Survival\Terrain\Tiles\underground\Drill2\Tunnelpocket\Medium\drill2_tunnelpocket_medium_05_3x3x3.tileson","underground\Drill2\Tunnelpocket\Medium","True"
"drill2_tunnelpocket_medium_06_3x3x3.tile","fe5931a9-1528-4e2b-a4b8-e213cc9ce48a","fe5931a9-1528-4e2b-a4b8-e213cc9ce48a.png","True","E:\SteamLibrary\steamapps\common\Scrap Mechanic\Survival\Terrain\Tiles\underground\Drill2\Tunnelpocket\Medium\drill2_tunnelpocket_medium_06_3x3x3.tile","E:\SteamLibrary\steamapps\common\Scrap Mechanic\Survival\Terrain\Tiles\underground\Drill2\Tunnelpocket\Medium\drill2_tunnelpocket_medium_06_3x3x3.tileson","underground\Drill2\Tunnelpocket\Medium","True"
"drill2_tunnelpocket_medium_07_3x3x3.tile","bb50f88a-7033-4d40-b68c-82c45be25414","bb50f88a-7033-4d40-b68c-82c45be25414.png","True","E:\SteamLibrary\steamapps\common\Scrap Mechanic\Survival\Terrain\Tiles\underground\Drill2\Tunnelpocket\Medium\drill2_tunnelpocket_medium_07_3x3x3.tile","E:\SteamLibrary\steamapps\common\Scrap Mechanic\Survival\Terrain\Tiles\underground\Drill2\Tunnelpocket\Medium\drill2_tunnelpocket_medium_07_3x3x3.tileson","underground\Drill2\Tunnelpocket\Medium","True"
"drill2_tunnelpocket_medium_08_3x3x2.tile","1849a328-3644-468c-a782-1b2d8e6c68f3","1849a328-3644-468c-a782-1b2d8e6c68f3.png","True","E:\SteamLibrary\steamapps\common\Scrap Mechanic\Survival\Terrain\Tiles\underground\Drill2\Tunnelpocket\Medium\drill2_tunnelpocket_medium_08_3x3x2.tile","E:\SteamLibrary\steamapps\common\Scrap Mechanic\Survival\Terrain\Tiles\underground\Drill2\Tunnelpocket\Medium\drill2_tunnelpocket_medium_08_3x3x2.tileson","underground\Drill2\Tunnelpocket\Medium","True"
"drill2_tunnelpocket_medium_09_3x3x3.tile","723802af-a7e3-49de-afdf-f434c577316f","723802af-a7e3-49de-afdf-f434c577316f.png","True","E:\SteamLibrary\steamapps\common\Scrap Mechanic\Survival\Terrain\Tiles\underground\Drill2\Tunnelpocket\Medium\drill2_tunnelpocket_medium_09_3x3x3.tile","E:\SteamLibrary\steamapps\common\Scrap Mechanic\Survival\Terrain\Tiles\underground\Drill2\Tunnelpocket\Medium\drill2_tunnelpocket_medium_09_3x3x3.tileson","underground\Drill2\Tunnelpocket\Medium","True"
"drill2_tunnelpocket_medium_10_3x3x3.tile","686e72c3-70c5-483f-8236-b46ddd72baf2","686e72c3-70c5-483f-8236-b46ddd72baf2.png","True","E:\SteamLibrary\steamapps\common\Scrap Mechanic\Survival\Terrain\Tiles\underground\Drill2\Tunnelpocket\Medium\drill2_tunnelpocket_medium_10_3x3x3.tile","E:\SteamLibrary\steamapps\common\Scrap Mechanic\Survival\Terrain\Tiles\underground\Drill2\Tunnelpocket\Medium\drill2_tunnelpocket_medium_10_3x3x3.tileson","underground\Drill2\Tunnelpocket\Medium","True"
"drill2_tunnelpocket_medium_11_3x3x3.tile","9c4e2b73-971a-44ea-b656-80755470eb74","9c4e2b73-971a-44ea-b656-80755470eb74.png","True","E:\SteamLibrary\steamapps\common\Scrap Mechanic\Survival\Terrain\Tiles\underground\Drill2\Tunnelpocket\Medium\drill2_tunnelpocket_medium_11_3x3x3.tile","E:\SteamLibrary\steamapps\common\Scrap Mechanic\Survival\Terrain\Tiles\underground\Drill2\Tunnelpocket\Medium\drill2_tunnelpocket_medium_11_3x3x3.tileson","underground\Drill2\Tunnelpocket\Medium","True"
"drill2_tunnelpocket_medium_12_3x3x3.tile","466d96f5-3eb0-46b8-b3fb-25d089bdb903","466d96f5-3eb0-46b8-b3fb-25d089bdb903.png","True","E:\SteamLibrary\steamapps\common\Scrap Mechanic\Survival\Terrain\Tiles\underground\Drill2\Tunnelpocket\Medium\drill2_tunnelpocket_medium_12_3x3x3.tile","E:\SteamLibrary\steamapps\common\Scrap Mechanic\Survival\Terrain\Tiles\underground\Drill2\Tunnelpocket\Medium\drill2_tunnelpocket_medium_12_3x3x3.tileson","underground\Drill2\Tunnelpocket\Medium","True"
"drill2_tunnelpocket_medium_13_3x3x3.tile","0d4e9393-bee4-4f40-b3c7-094e40369328","0d4e9393-bee4-4f40-b3c7-094e40369328.png","True","E:\SteamLibrary\steamapps\common\Scrap Mechanic\Survival\Terrain\Tiles\underground\Drill2\Tunnelpocket\Medium\drill2_tunnelpocket_medium_13_3x3x3.tile","E:\SteamLibrary\steamapps\common\Scrap Mechanic\Survival\Terrain\Tiles\underground\Drill2\Tunnelpocket\Medium\drill2_tunnelpocket_medium_13_3x3x3.tileson","underground\Drill2\Tunnelpocket\Medium","True"
"drill2_tunnelpocket_medium_claustrophobic_4x4x1.tile","ee90a5f9-9162-4bfe-b975-da53d2423931","ee90a5f9-9162-4bfe-b975-da53d2423931.png","True","E:\SteamLibrary\steamapps\common\Scrap Mechanic\Survival\Terrain\Tiles\underground\Drill2\Tunnelpocket\Medium\drill2_tunnelpocket_medium_claustrophobic_4x4x1.tile","E:\SteamLibrary\steamapps\common\Scrap Mechanic\Survival\Terrain\Tiles\underground\Drill2\Tunnelpocket\Medium\drill2_tunnelpocket_medium_claustrophobic_4x4x1.tileson","underground\Drill2\Tunnelpocket\Medium","True"
"drill2_tunnelpocket_medium_minerbots_3x3x3.tile","a7d8f248-5eaa-4ca5-b1e6-2baba6e1123e","a7d8f248-5eaa-4ca5-b1e6-2baba6e1123e.png","True","E:\SteamLibrary\steamapps\common\Scrap Mechanic\Survival\Terrain\Tiles\underground\Drill2\Tunnelpocket\Medium\drill2_tunnelpocket_medium_minerbots_3x3x3.tile","E:\SteamLibrary\steamapps\common\Scrap Mechanic\Survival\Terrain\Tiles\underground\Drill2\Tunnelpocket\Medium\drill2_tunnelpocket_medium_minerbots_3x3x3.tileson","underground\Drill2\Tunnelpocket\Medium","True"
"drill2_tunnelpocket_medium_tree_3x3x3.tile","031898d1-f91f-46d8-a67e-f2be2a3b4372","031898d1-f91f-46d8-a67e-f2be2a3b4372.png","True","E:\SteamLibrary\steamapps\common\Scrap Mechanic\Survival\Terrain\Tiles\underground\Drill2\Tunnelpocket\Medium\drill2_tunnelpocket_medium_tree_3x3x3.tile","E:\SteamLibrary\steamapps\common\Scrap Mechanic\Survival\Terrain\Tiles\underground\Drill2\Tunnelpocket\Medium\drill2_tunnelpocket_medium_tree_3x3x3.tileson","underground\Drill2\Tunnelpocket\Medium","True"
"drill2_tunnelpocket_small_01_2x2x2.tile","c3e7a639-9e89-497a-81b5-2bbaa1f78911","c3e7a639-9e89-497a-81b5-2bbaa1f78911.png","True","E:\SteamLibrary\steamapps\common\Scrap Mechanic\Survival\Terrain\Tiles\underground\Drill2\Tunnelpocket\Small\drill2_tunnelpocket_small_01_2x2x2.tile","E:\SteamLibrary\steamapps\common\Scrap Mechanic\Survival\Terrain\Tiles\underground\Drill2\Tunnelpocket\Small\drill2_tunnelpocket_small_01_2x2x2.tileson","underground\Drill2\Tunnelpocket\Small","True"
"drill2_tunnelpocket_small_02_2x2x2.tile","2de45f69-25cd-48f8-9ee0-d76cefd1d3e2","2de45f69-25cd-48f8-9ee0-d76cefd1d3e2.png","True","E:\SteamLibrary\steamapps\common\Scrap Mechanic\Survival\Terrain\Tiles\underground\Drill2\Tunnelpocket\Small\drill2_tunnelpocket_small_02_2x2x2.tile","E:\SteamLibrary\steamapps\common\Scrap Mechanic\Survival\Terrain\Tiles\underground\Drill2\Tunnelpocket\Small\drill2_tunnelpocket_small_02_2x2x2.tileson","underground\Drill2\Tunnelpocket\Small","True"
"drill2_tunnelpocket_small_03_2x2x2.tile","1d5f605a-442a-44e8-8b52-f1dfadb517f7","1d5f605a-442a-44e8-8b52-f1dfadb517f7.png","True","E:\SteamLibrary\steamapps\common\Scrap Mechanic\Survival\Terrain\Tiles\underground\Drill2\Tunnelpocket\Small\drill2_tunnelpocket_small_03_2x2x2.tile","E:\SteamLibrary\steamapps\common\Scrap Mechanic\Survival\Terrain\Tiles\underground\Drill2\Tunnelpocket\Small\drill2_tunnelpocket_small_03_2x2x2.tileson","underground\Drill2\Tunnelpocket\Small","True"
"drill2_tunnelpocket_small_onlyt4_2x2x2.tile","a1b19a98-de0e-4a3f-95e4-85110b9925d6","a1b19a98-de0e-4a3f-95e4-85110b9925d6.png","True","E:\SteamLibrary\steamapps\common\Scrap Mechanic\Survival\Terrain\Tiles\underground\Drill2\Tunnelpocket\Small\drill2_tunnelpocket_small_onlyt4_2x2x2.tile","E:\SteamLibrary\steamapps\common\Scrap Mechanic\Survival\Terrain\Tiles\underground\Drill2\Tunnelpocket\Small\drill2_tunnelpocket_small_onlyt4_2x2x2.tileson","underground\Drill2\Tunnelpocket\Small","True"
"drill2_tunnelpocket_small_passage_01_2x2x2.tile","f3b9e08d-d0cd-440f-887d-3f3b4247532a","f3b9e08d-d0cd-440f-887d-3f3b4247532a.png","True","E:\SteamLibrary\steamapps\common\Scrap Mechanic\Survival\Terrain\Tiles\underground\Drill2\Tunnelpocket\Small\drill2_tunnelpocket_small_passage_01_2x2x2.tile","E:\SteamLibrary\steamapps\common\Scrap Mechanic\Survival\Terrain\Tiles\underground\Drill2\Tunnelpocket\Small\drill2_tunnelpocket_small_passage_01_2x2x2.tileson","underground\Drill2\Tunnelpocket\Small","True"
"drill2_tunnelpocket_small_passage_02_2x2x1.tile","34257f70-a2d0-45b7-a5f4-f28f1631667f","34257f70-a2d0-45b7-a5f4-f28f1631667f.png","True","E:\SteamLibrary\steamapps\common\Scrap Mechanic\Survival\Terrain\Tiles\underground\Drill2\Tunnelpocket\Small\drill2_tunnelpocket_small_passage_02_2x2x1.tile","E:\SteamLibrary\steamapps\common\Scrap Mechanic\Survival\Terrain\Tiles\underground\Drill2\Tunnelpocket\Small\drill2_tunnelpocket_small_passage_02_2x2x1.tileson","underground\Drill2\Tunnelpocket\Small","True"
"drill2_tunnelpocket_small_passage_03_2x3x1.tile","1b2a3f5d-0936-40c2-9f81-67bf1f54782d","1b2a3f5d-0936-40c2-9f81-67bf1f54782d.png","True","E:\SteamLibrary\steamapps\common\Scrap Mechanic\Survival\Terrain\Tiles\underground\Drill2\Tunnelpocket\Small\drill2_tunnelpocket_small_passage_03_2x3x1.tile","E:\SteamLibrary\steamapps\common\Scrap Mechanic\Survival\Terrain\Tiles\underground\Drill2\Tunnelpocket\Small\drill2_tunnelpocket_small_passage_03_2x3x1.tileson","underground\Drill2\Tunnelpocket\Small","True"
"drill2_tunnelpocket_small_passage_04_2x3x1.tile","c1340280-157f-4d58-afa9-844e7cb938ee","c1340280-157f-4d58-afa9-844e7cb938ee.png","True","E:\SteamLibrary\steamapps\common\Scrap Mechanic\Survival\Terrain\Tiles\underground\Drill2\Tunnelpocket\Small\drill2_tunnelpocket_small_passage_04_2x3x1.tile","E:\SteamLibrary\steamapps\common\Scrap Mechanic\Survival\Terrain\Tiles\underground\Drill2\Tunnelpocket\Small\drill2_tunnelpocket_small_passage_04_2x3x1.tileson","underground\Drill2\Tunnelpocket\Small","True"
"drill2_tunnelpocket_small_passage_05_2x3x2.tile","df50cc6d-a27d-40cf-9216-64c22107e0c8","df50cc6d-a27d-40cf-9216-64c22107e0c8.png","True","E:\SteamLibrary\steamapps\common\Scrap Mechanic\Survival\Terrain\Tiles\underground\Drill2\Tunnelpocket\Small\drill2_tunnelpocket_small_passage_05_2x3x2.tile","E:\SteamLibrary\steamapps\common\Scrap Mechanic\Survival\Terrain\Tiles\underground\Drill2\Tunnelpocket\Small\drill2_tunnelpocket_small_passage_05_2x3x2.tileson","underground\Drill2\Tunnelpocket\Small","True"
"drill2_tunnelpocket_small_passage_06_2x3x2.tile","5cec6afb-1889-4cff-90a8-6044a58c95e9","5cec6afb-1889-4cff-90a8-6044a58c95e9.png","True","E:\SteamLibrary\steamapps\common\Scrap Mechanic\Survival\Terrain\Tiles\underground\Drill2\Tunnelpocket\Small\drill2_tunnelpocket_small_passage_06_2x3x2.tile","E:\SteamLibrary\steamapps\common\Scrap Mechanic\Survival\Terrain\Tiles\underground\Drill2\Tunnelpocket\Small\drill2_tunnelpocket_small_passage_06_2x3x2.tileson","underground\Drill2\Tunnelpocket\Small","True"
"drill2_tunnelpocket_small_passage_07_2x3x1.tile","74c7b658-f755-47a2-a89a-667e2a2a930c","74c7b658-f755-47a2-a89a-667e2a2a930c.png","True","E:\SteamLibrary\steamapps\common\Scrap Mechanic\Survival\Terrain\Tiles\underground\Drill2\Tunnelpocket\Small\drill2_tunnelpocket_small_passage_07_2x3x1.tile","E:\SteamLibrary\steamapps\common\Scrap Mechanic\Survival\Terrain\Tiles\underground\Drill2\Tunnelpocket\Small\drill2_tunnelpocket_small_passage_07_2x3x1.tileson","underground\Drill2\Tunnelpocket\Small","True"
"drill2_tunnelpocket_small_passage_08_2x3x2.tile","a7bde4a1-89f1-4493-8331-270ba1dae561","a7bde4a1-89f1-4493-8331-270ba1dae561.png","True","E:\SteamLibrary\steamapps\common\Scrap Mechanic\Survival\Terrain\Tiles\underground\Drill2\Tunnelpocket\Small\drill2_tunnelpocket_small_passage_08_2x3x2.tile","E:\SteamLibrary\steamapps\common\Scrap Mechanic\Survival\Terrain\Tiles\underground\Drill2\Tunnelpocket\Small\drill2_tunnelpocket_small_passage_08_2x3x2.tileson","underground\Drill2\Tunnelpocket\Small","True"
"drill2_tunnelpocket_small_passage_09_2x2x2.tile","f5c553c8-e3ef-4c63-80a0-68d2a9a3cf6d","f5c553c8-e3ef-4c63-80a0-68d2a9a3cf6d.png","True","E:\SteamLibrary\steamapps\common\Scrap Mechanic\Survival\Terrain\Tiles\underground\Drill2\Tunnelpocket\Small\drill2_tunnelpocket_small_passage_09_2x2x2.tile","E:\SteamLibrary\steamapps\common\Scrap Mechanic\Survival\Terrain\Tiles\underground\Drill2\Tunnelpocket\Small\drill2_tunnelpocket_small_passage_09_2x2x2.tileson","underground\Drill2\Tunnelpocket\Small","True"
"drill2_tunnelpocket_small_passage_10_2x3x2.tile","ea512f63-e806-4a47-8f5b-1d1ea7d66bfa","ea512f63-e806-4a47-8f5b-1d1ea7d66bfa.png","True","E:\SteamLibrary\steamapps\common\Scrap Mechanic\Survival\Terrain\Tiles\underground\Drill2\Tunnelpocket\Small\drill2_tunnelpocket_small_passage_10_2x3x2.tile","E:\SteamLibrary\steamapps\common\Scrap Mechanic\Survival\Terrain\Tiles\underground\Drill2\Tunnelpocket\Small\drill2_tunnelpocket_small_passage_10_2x3x2.tileson","underground\Drill2\Tunnelpocket\Small","True"
"drill2_tunnelpocket_small_passage_11_2x3x2.tile","cfc5e8e5-7a90-4081-97da-36524f66c4ee","cfc5e8e5-7a90-4081-97da-36524f66c4ee.png","True","E:\SteamLibrary\steamapps\common\Scrap Mechanic\Survival\Terrain\Tiles\underground\Drill2\Tunnelpocket\Small\drill2_tunnelpocket_small_passage_11_2x3x2.tile","E:\SteamLibrary\steamapps\common\Scrap Mechanic\Survival\Terrain\Tiles\underground\Drill2\Tunnelpocket\Small\drill2_tunnelpocket_small_passage_11_2x3x2.tileson","underground\Drill2\Tunnelpocket\Small","True"
"drill2_tunnelpocket_small_passage_12_2x3x2.tile","85d23e72-b3b3-449b-bc9c-7efacc2df8ad","85d23e72-b3b3-449b-bc9c-7efacc2df8ad.png","True","E:\SteamLibrary\steamapps\common\Scrap Mechanic\Survival\Terrain\Tiles\underground\Drill2\Tunnelpocket\Small\drill2_tunnelpocket_small_passage_12_2x3x2.tile","E:\SteamLibrary\steamapps\common\Scrap Mechanic\Survival\Terrain\Tiles\underground\Drill2\Tunnelpocket\Small\drill2_tunnelpocket_small_passage_12_2x3x2.tileson","underground\Drill2\Tunnelpocket\Small","True"
"drill2_tunnelpocket_small_passage_13_2x2x2.tile","f4118fd5-f2f2-4de2-9ead-73a92cf8bfea","f4118fd5-f2f2-4de2-9ead-73a92cf8bfea.png","True","E:\SteamLibrary\steamapps\common\Scrap Mechanic\Survival\Terrain\Tiles\underground\Drill2\Tunnelpocket\Small\drill2_tunnelpocket_small_passage_13_2x2x2.tile","E:\SteamLibrary\steamapps\common\Scrap Mechanic\Survival\Terrain\Tiles\underground\Drill2\Tunnelpocket\Small\drill2_tunnelpocket_small_passage_13_2x2x2.tileson","underground\Drill2\Tunnelpocket\Small","True"
"drill2_tunnelpocket_small_passage_14_2x2x2.tile","8d0c3fc2-e55f-4241-b143-e286278aec3d","8d0c3fc2-e55f-4241-b143-e286278aec3d.png","True","E:\SteamLibrary\steamapps\common\Scrap Mechanic\Survival\Terrain\Tiles\underground\Drill2\Tunnelpocket\Small\drill2_tunnelpocket_small_passage_14_2x2x2.tile","E:\SteamLibrary\steamapps\common\Scrap Mechanic\Survival\Terrain\Tiles\underground\Drill2\Tunnelpocket\Small\drill2_tunnelpocket_small_passage_14_2x2x2.tileson","underground\Drill2\Tunnelpocket\Small","True"
"drill2_tunnelpocket_small_passage_15_2x2x2.tile","034b98c5-c3ce-4fbc-b055-cd052d9864ca","034b98c5-c3ce-4fbc-b055-cd052d9864ca.png","True","E:\SteamLibrary\steamapps\common\Scrap Mechanic\Survival\Terrain\Tiles\underground\Drill2\Tunnelpocket\Small\drill2_tunnelpocket_small_passage_15_2x2x2.tile","E:\SteamLibrary\steamapps\common\Scrap Mechanic\Survival\Terrain\Tiles\underground\Drill2\Tunnelpocket\Small\drill2_tunnelpocket_small_passage_15_2x2x2.tileson","underground\Drill2\Tunnelpocket\Small","True"
"drill2_tunnelpocket_small_passage_16_2x2x2.tile","62424e1b-8e40-4ec2-918d-2efb3d6c21cd","62424e1b-8e40-4ec2-918d-2efb3d6c21cd.png","True","E:\SteamLibrary\steamapps\common\Scrap Mechanic\Survival\Terrain\Tiles\underground\Drill2\Tunnelpocket\Small\drill2_tunnelpocket_small_passage_16_2x2x2.tile","E:\SteamLibrary\steamapps\common\Scrap Mechanic\Survival\Terrain\Tiles\underground\Drill2\Tunnelpocket\Small\drill2_tunnelpocket_small_passage_16_2x2x2.tileson","underground\Drill2\Tunnelpocket\Small","True"
"drill2_tunnelpocket_small_passage_17_2x2x2.tile","3a8c9671-aee5-4e29-a23a-04593354fcfa","3a8c9671-aee5-4e29-a23a-04593354fcfa.png","True","E:\SteamLibrary\steamapps\common\Scrap Mechanic\Survival\Terrain\Tiles\underground\Drill2\Tunnelpocket\Small\drill2_tunnelpocket_small_passage_17_2x2x2.tile","E:\SteamLibrary\steamapps\common\Scrap Mechanic\Survival\Terrain\Tiles\underground\Drill2\Tunnelpocket\Small\drill2_tunnelpocket_small_passage_17_2x2x2.tileson","underground\Drill2\Tunnelpocket\Small","True"
"drill2_tunnelpocket_small_passage_18_2x2x2.tile","6fd25c71-33e6-4a1e-bb83-e893a04da05d","6fd25c71-33e6-4a1e-bb83-e893a04da05d.png","True","E:\SteamLibrary\steamapps\common\Scrap Mechanic\Survival\Terrain\Tiles\underground\Drill2\Tunnelpocket\Small\drill2_tunnelpocket_small_passage_18_2x2x2.tile","E:\SteamLibrary\steamapps\common\Scrap Mechanic\Survival\Terrain\Tiles\underground\Drill2\Tunnelpocket\Small\drill2_tunnelpocket_small_passage_18_2x2x2.tileson","underground\Drill2\Tunnelpocket\Small","True"
"drill2_tunnelpocket_small_passage_19_2x2x2.tile","956c6dbc-a7e5-4f78-b20b-ad86c4419cbf","956c6dbc-a7e5-4f78-b20b-ad86c4419cbf.png","True","E:\SteamLibrary\steamapps\common\Scrap Mechanic\Survival\Terrain\Tiles\underground\Drill2\Tunnelpocket\Small\drill2_tunnelpocket_small_passage_19_2x2x2.tile","E:\SteamLibrary\steamapps\common\Scrap Mechanic\Survival\Terrain\Tiles\underground\Drill2\Tunnelpocket\Small\drill2_tunnelpocket_small_passage_19_2x2x2.tileson","underground\Drill2\Tunnelpocket\Small","True"
"drill2_tunnelpocket_small_passage_20_2x2x2.tile","fa285c7d-af8b-474e-be45-29ca95bb053a","fa285c7d-af8b-474e-be45-29ca95bb053a.png","True","E:\SteamLibrary\steamapps\common\Scrap Mechanic\Survival\Terrain\Tiles\underground\Drill2\Tunnelpocket\Small\drill2_tunnelpocket_small_passage_20_2x2x2.tile","E:\SteamLibrary\steamapps\common\Scrap Mechanic\Survival\Terrain\Tiles\underground\Drill2\Tunnelpocket\Small\drill2_tunnelpocket_small_passage_20_2x2x2.tileson","underground\Drill2\Tunnelpocket\Small","True"
"mininghub_entrance_256_01.tile","3724c4b4-ebb1-44c1-ade5-deae65a886ec","3724c4b4-ebb1-44c1-ade5-deae65a886ec.png","True","E:\SteamLibrary\steamapps\common\Scrap Mechanic\Survival\Terrain\Tiles\underground\mininghub\mininghub_entrance_256_01.tile","E:\SteamLibrary\steamapps\common\Scrap Mechanic\Survival\Terrain\Tiles\underground\mininghub\mininghub_entrance_256_01.tileson","underground\mininghub","True"
"mininghub_entranceelevator_320x320_01.tile","32c531ae-a83a-4aac-8c7e-f88cd9dbb8d2","32c531ae-a83a-4aac-8c7e-f88cd9dbb8d2.png","True","E:\SteamLibrary\steamapps\common\Scrap Mechanic\Survival\Terrain\Tiles\underground\mininghub\mininghub_entranceelevator_320x320_01.tile","E:\SteamLibrary\steamapps\common\Scrap Mechanic\Survival\Terrain\Tiles\underground\mininghub\mininghub_entranceelevator_320x320_01.tileson","underground\mininghub","True"
"mininghub_main_1024_01.tile","4ecf7c01-1254-44f4-8ea4-ee50520fafe9","4ecf7c01-1254-44f4-8ea4-ee50520fafe9.png","True","E:\SteamLibrary\steamapps\common\Scrap Mechanic\Survival\Terrain\Tiles\underground\mininghub\mininghub_main_1024_01.tile","E:\SteamLibrary\steamapps\common\Scrap Mechanic\Survival\Terrain\Tiles\underground\mininghub\mininghub_main_1024_01.tileson","underground\mininghub","True"
"onboarding_cave_final_12x16x8.tile","d5addc20-159a-49a9-87fa-2cff8844daf1","d5addc20-159a-49a9-87fa-2cff8844daf1.png","True","E:\SteamLibrary\steamapps\common\Scrap Mechanic\Survival\Terrain\Tiles\underground\Onboarding\onboarding_cave_final_12x16x8.tile","E:\SteamLibrary\steamapps\common\Scrap Mechanic\Survival\Terrain\Tiles\underground\Onboarding\onboarding_cave_final_12x16x8.tileson","underground\Onboarding","True"
"onboarding_cave_first_12x8x8.tile","4df979ea-b8fe-4009-9221-8fe74f892f38","4df979ea-b8fe-4009-9221-8fe74f892f38.png","True","E:\SteamLibrary\steamapps\common\Scrap Mechanic\Survival\Terrain\Tiles\underground\Onboarding\onboarding_cave_first_12x8x8.tile","E:\SteamLibrary\steamapps\common\Scrap Mechanic\Survival\Terrain\Tiles\underground\Onboarding\onboarding_cave_first_12x8x8.tileson","underground\Onboarding","True"
"onboarding_cave_join_12x8x8.tile","dc312dae-180b-4faf-b5ea-b8e0c8c68be0","dc312dae-180b-4faf-b5ea-b8e0c8c68be0.png","True","E:\SteamLibrary\steamapps\common\Scrap Mechanic\Survival\Terrain\Tiles\underground\Onboarding\onboarding_cave_join_12x8x8.tile","E:\SteamLibrary\steamapps\common\Scrap Mechanic\Survival\Terrain\Tiles\underground\Onboarding\onboarding_cave_join_12x8x8.tileson","underground\Onboarding","True"
"onboarding_cave_left_8x8x8.tile","b3418073-8cc7-4a0b-85c8-580aaf2ee3d9","b3418073-8cc7-4a0b-85c8-580aaf2ee3d9.png","True","E:\SteamLibrary\steamapps\common\Scrap Mechanic\Survival\Terrain\Tiles\underground\Onboarding\onboarding_cave_left_8x8x8.tile","E:\SteamLibrary\steamapps\common\Scrap Mechanic\Survival\Terrain\Tiles\underground\Onboarding\onboarding_cave_left_8x8x8.tileson","underground\Onboarding","True"
"onboarding_elevator_12x12x8.tile","fc6409fd-e31b-4f3a-a0df-67bc3857618c","fc6409fd-e31b-4f3a-a0df-67bc3857618c.png","True","E:\SteamLibrary\steamapps\common\Scrap Mechanic\Survival\Terrain\Tiles\underground\Onboarding\onboarding_elevator_12x12x8.tile","E:\SteamLibrary\steamapps\common\Scrap Mechanic\Survival\Terrain\Tiles\underground\Onboarding\onboarding_elevator_12x12x8.tileson","underground\Onboarding","True"
"onboarding_midblocker_8x8x8.tile","eff63d24-5a76-487f-af0e-c713e276ad0d","eff63d24-5a76-487f-af0e-c713e276ad0d.png","True","E:\SteamLibrary\steamapps\common\Scrap Mechanic\Survival\Terrain\Tiles\underground\Onboarding\onboarding_midblocker_8x8x8.tile","E:\SteamLibrary\steamapps\common\Scrap Mechanic\Survival\Terrain\Tiles\underground\Onboarding\onboarding_midblocker_8x8x8.tileson","underground\Onboarding","True"
"pocket_small_02_2x2x2.tile","5a69120e-bc62-49a1-9586-6bc602ae3a2c","5a69120e-bc62-49a1-9586-6bc602ae3a2c.png","True","E:\SteamLibrary\steamapps\common\Scrap Mechanic\Survival\Terrain\Tiles\underground\Pocket\pocket_small_02_2x2x2.tile","E:\SteamLibrary\steamapps\common\Scrap Mechanic\Survival\Terrain\Tiles\underground\Pocket\pocket_small_02_2x2x2.tileson","underground\Pocket","True"
"pocket_small_corraliumdeposit1_2x2x1.tile","cb7fea92-db61-4468-9fd9-deda9a194f3c","cb7fea92-db61-4468-9fd9-deda9a194f3c.png","True","E:\SteamLibrary\steamapps\common\Scrap Mechanic\Survival\Terrain\Tiles\underground\Pocket\pocket_small_corraliumdeposit1_2x2x1.tile","E:\SteamLibrary\steamapps\common\Scrap Mechanic\Survival\Terrain\Tiles\underground\Pocket\pocket_small_corraliumdeposit1_2x2x1.tileson","underground\Pocket","True"
"pocket_small_corraliumdeposit2_2x2x1.tile","8413c29e-3907-49b1-8b6c-a6b5a1f9f04a","8413c29e-3907-49b1-8b6c-a6b5a1f9f04a.png","True","E:\SteamLibrary\steamapps\common\Scrap Mechanic\Survival\Terrain\Tiles\underground\Pocket\pocket_small_corraliumdeposit2_2x2x1.tile","E:\SteamLibrary\steamapps\common\Scrap Mechanic\Survival\Terrain\Tiles\underground\Pocket\pocket_small_corraliumdeposit2_2x2x1.tileson","underground\Pocket","True"
"pocket_small_golddeposit1_2x2x1.tile","156ecd03-c25b-412d-b825-f7e0570d691d","156ecd03-c25b-412d-b825-f7e0570d691d.png","True","E:\SteamLibrary\steamapps\common\Scrap Mechanic\Survival\Terrain\Tiles\underground\Pocket\pocket_small_golddeposit1_2x2x1.tile","E:\SteamLibrary\steamapps\common\Scrap Mechanic\Survival\Terrain\Tiles\underground\Pocket\pocket_small_golddeposit1_2x2x1.tileson","underground\Pocket","True"
"pocket_small_golddeposit2_2x2x1.tile","83862769-c856-491e-af89-68b8bb4ec0d0","83862769-c856-491e-af89-68b8bb4ec0d0.png","True","E:\SteamLibrary\steamapps\common\Scrap Mechanic\Survival\Terrain\Tiles\underground\Pocket\pocket_small_golddeposit2_2x2x1.tile","E:\SteamLibrary\steamapps\common\Scrap Mechanic\Survival\Terrain\Tiles\underground\Pocket\pocket_small_golddeposit2_2x2x1.tileson","underground\Pocket","True"
"pocket_small_mineral4deposit1_2x2x1.tile","7c3df4c4-7892-4810-893e-6f23fbad39be","7c3df4c4-7892-4810-893e-6f23fbad39be.png","True","E:\SteamLibrary\steamapps\common\Scrap Mechanic\Survival\Terrain\Tiles\underground\Pocket\pocket_small_mineral4deposit1_2x2x1.tile","E:\SteamLibrary\steamapps\common\Scrap Mechanic\Survival\Terrain\Tiles\underground\Pocket\pocket_small_mineral4deposit1_2x2x1.tileson","underground\Pocket","True"
"pocket_small_mineral4deposit2_2x2x1.tile","f11a10c8-9f72-4dc7-af0b-25437060c477","f11a10c8-9f72-4dc7-af0b-25437060c477.png","True","E:\SteamLibrary\steamapps\common\Scrap Mechanic\Survival\Terrain\Tiles\underground\Pocket\pocket_small_mineral4deposit2_2x2x1.tile","E:\SteamLibrary\steamapps\common\Scrap Mechanic\Survival\Terrain\Tiles\underground\Pocket\pocket_small_mineral4deposit2_2x2x1.tileson","underground\Pocket","True"
"pocket_small_passage_02_2x2x1.tile","7a577b60-6718-4570-820c-50f0a40777fa","7a577b60-6718-4570-820c-50f0a40777fa.png","True","E:\SteamLibrary\steamapps\common\Scrap Mechanic\Survival\Terrain\Tiles\underground\Pocket\pocket_small_passage_02_2x2x1.tile","E:\SteamLibrary\steamapps\common\Scrap Mechanic\Survival\Terrain\Tiles\underground\Pocket\pocket_small_passage_02_2x2x1.tileson","underground\Pocket","True"
"pocket_small_potatohole_2x2x2.tile","9eb6aed4-d20b-4214-8450-af5233383649","9eb6aed4-d20b-4214-8450-af5233383649.png","True","E:\SteamLibrary\steamapps\common\Scrap Mechanic\Survival\Terrain\Tiles\underground\Pocket\pocket_small_potatohole_2x2x2.tile","E:\SteamLibrary\steamapps\common\Scrap Mechanic\Survival\Terrain\Tiles\underground\Pocket\pocket_small_potatohole_2x2x2.tileson","underground\Pocket","True"
"pocket_small_t3deposit1_2x2x1.tile","e6f03972-6c00-400a-97f0-3e08b2fa95ca","e6f03972-6c00-400a-97f0-3e08b2fa95ca.png","True","E:\SteamLibrary\steamapps\common\Scrap Mechanic\Survival\Terrain\Tiles\underground\Pocket\pocket_small_t3deposit1_2x2x1.tile","E:\SteamLibrary\steamapps\common\Scrap Mechanic\Survival\Terrain\Tiles\underground\Pocket\pocket_small_t3deposit1_2x2x1.tileson","underground\Pocket","True"
"pocket_small_t3deposit2_2x2x1.tile","04515947-68ea-41cc-a946-47334fb24cb1","04515947-68ea-41cc-a946-47334fb24cb1.png","True","E:\SteamLibrary\steamapps\common\Scrap Mechanic\Survival\Terrain\Tiles\underground\Pocket\pocket_small_t3deposit2_2x2x1.tile","E:\SteamLibrary\steamapps\common\Scrap Mechanic\Survival\Terrain\Tiles\underground\Pocket\pocket_small_t3deposit2_2x2x1.tileson","underground\Pocket","True"
"pocket_small_t4deposit1_2x2x1.tile","a4794cad-0a82-45eb-9578-928b5221ba36","a4794cad-0a82-45eb-9578-928b5221ba36.png","True","E:\SteamLibrary\steamapps\common\Scrap Mechanic\Survival\Terrain\Tiles\underground\Pocket\pocket_small_t4deposit1_2x2x1.tile","E:\SteamLibrary\steamapps\common\Scrap Mechanic\Survival\Terrain\Tiles\underground\Pocket\pocket_small_t4deposit1_2x2x1.tileson","underground\Pocket","True"
"pocket_small_t4deposit2_2x2x1.tile","53d970eb-3eb3-49f7-b224-d17b2b9ba022","53d970eb-3eb3-49f7-b224-d17b2b9ba022.png","True","E:\SteamLibrary\steamapps\common\Scrap Mechanic\Survival\Terrain\Tiles\underground\Pocket\pocket_small_t4deposit2_2x2x1.tile","E:\SteamLibrary\steamapps\common\Scrap Mechanic\Survival\Terrain\Tiles\underground\Pocket\pocket_small_t4deposit2_2x2x1.tileson","underground\Pocket","True"
"pocket_tiny_cablebotsRock2_1x1x1.tile","bda41baa-cc73-45eb-aff3-360c7225ae76","bda41baa-cc73-45eb-aff3-360c7225ae76.png","True","E:\SteamLibrary\steamapps\common\Scrap Mechanic\Survival\Terrain\Tiles\underground\Pocket\pocket_tiny_cablebotsRock2_1x1x1.tile","E:\SteamLibrary\steamapps\common\Scrap Mechanic\Survival\Terrain\Tiles\underground\Pocket\pocket_tiny_cablebotsRock2_1x1x1.tileson","underground\Pocket","True"
"pocket_tiny_coraliumRock1_1x1x1.tile","f7f215cb-4ecb-4404-a7cf-175161e80fab","f7f215cb-4ecb-4404-a7cf-175161e80fab.png","True","E:\SteamLibrary\steamapps\common\Scrap Mechanic\Survival\Terrain\Tiles\underground\Pocket\pocket_tiny_coraliumRock1_1x1x1.tile","E:\SteamLibrary\steamapps\common\Scrap Mechanic\Survival\Terrain\Tiles\underground\Pocket\pocket_tiny_coraliumRock1_1x1x1.tileson","underground\Pocket","True"
"pocket_tiny_emptyRock1_1x1x1.tile","b86bd177-2002-4f6d-b731-ab6eb8909bee","b86bd177-2002-4f6d-b731-ab6eb8909bee.png","True","E:\SteamLibrary\steamapps\common\Scrap Mechanic\Survival\Terrain\Tiles\underground\Pocket\pocket_tiny_emptyRock1_1x1x1.tile","E:\SteamLibrary\steamapps\common\Scrap Mechanic\Survival\Terrain\Tiles\underground\Pocket\pocket_tiny_emptyRock1_1x1x1.tileson","underground\Pocket","True"
"pocket_tiny_emptyRock2_1x1x1.tile","a5fbe799-65de-420d-9e48-fd7b33efc6ff","a5fbe799-65de-420d-9e48-fd7b33efc6ff.png","True","E:\SteamLibrary\steamapps\common\Scrap Mechanic\Survival\Terrain\Tiles\underground\Pocket\pocket_tiny_emptyRock2_1x1x1.tile","E:\SteamLibrary\steamapps\common\Scrap Mechanic\Survival\Terrain\Tiles\underground\Pocket\pocket_tiny_emptyRock2_1x1x1.tileson","underground\Pocket","True"
"pocket_tiny_emptyRock3_1x1x1.tile","b240f73a-cf44-4846-be80-ef281f3c8792","b240f73a-cf44-4846-be80-ef281f3c8792.png","True","E:\SteamLibrary\steamapps\common\Scrap Mechanic\Survival\Terrain\Tiles\underground\Pocket\pocket_tiny_emptyRock3_1x1x1.tile","E:\SteamLibrary\steamapps\common\Scrap Mechanic\Survival\Terrain\Tiles\underground\Pocket\pocket_tiny_emptyRock3_1x1x1.tileson","underground\Pocket","True"
"pocket_tiny_filledOrerich_1x1x1.tile","dd912035-0da7-42ff-8e16-1899deac4e2d","dd912035-0da7-42ff-8e16-1899deac4e2d.png","True","E:\SteamLibrary\steamapps\common\Scrap Mechanic\Survival\Terrain\Tiles\underground\Pocket\pocket_tiny_filledOrerich_1x1x1.tile","E:\SteamLibrary\steamapps\common\Scrap Mechanic\Survival\Terrain\Tiles\underground\Pocket\pocket_tiny_filledOrerich_1x1x1.tileson","underground\Pocket","True"
"pocket_tiny_filledTier1_02_1x1x1.tile","52497856-a99c-4c8c-8daa-efa61d699031","52497856-a99c-4c8c-8daa-efa61d699031.png","True","E:\SteamLibrary\steamapps\common\Scrap Mechanic\Survival\Terrain\Tiles\underground\Pocket\pocket_tiny_filledTier1_02_1x1x1.tile","E:\SteamLibrary\steamapps\common\Scrap Mechanic\Survival\Terrain\Tiles\underground\Pocket\pocket_tiny_filledTier1_02_1x1x1.tileson","underground\Pocket","True"
"pocket_tiny_filledTier1_03_1x1x1.tile","7933e8bb-8a0c-4e51-85b3-e40144c5a60c","7933e8bb-8a0c-4e51-85b3-e40144c5a60c.png","True","E:\SteamLibrary\steamapps\common\Scrap Mechanic\Survival\Terrain\Tiles\underground\Pocket\pocket_tiny_filledTier1_03_1x1x1.tile","E:\SteamLibrary\steamapps\common\Scrap Mechanic\Survival\Terrain\Tiles\underground\Pocket\pocket_tiny_filledTier1_03_1x1x1.tileson","underground\Pocket","True"
"pocket_tiny_filledTier1_1x1x1.tile","bdbd2907-a012-4fb2-82f6-6ef06b391cb4","bdbd2907-a012-4fb2-82f6-6ef06b391cb4.png","True","E:\SteamLibrary\steamapps\common\Scrap Mechanic\Survival\Terrain\Tiles\underground\Pocket\pocket_tiny_filledTier1_1x1x1.tile","E:\SteamLibrary\steamapps\common\Scrap Mechanic\Survival\Terrain\Tiles\underground\Pocket\pocket_tiny_filledTier1_1x1x1.tileson","underground\Pocket","True"
"pocket_tiny_gigagem_1x1x1.tile","180f49f8-e0e9-4bc2-85a0-6b77ad9e8554","180f49f8-e0e9-4bc2-85a0-6b77ad9e8554.png","True","E:\SteamLibrary\steamapps\common\Scrap Mechanic\Survival\Terrain\Tiles\underground\Pocket\pocket_tiny_gigagem_1x1x1.tile","E:\SteamLibrary\steamapps\common\Scrap Mechanic\Survival\Terrain\Tiles\underground\Pocket\pocket_tiny_gigagem_1x1x1.tileson","underground\Pocket","True"
"pocket_tiny_goldRock2_02_1x1x1.tile","269e8473-644b-46e5-85c2-2d0e58ca3ecd","269e8473-644b-46e5-85c2-2d0e58ca3ecd.png","True","E:\SteamLibrary\steamapps\common\Scrap Mechanic\Survival\Terrain\Tiles\underground\Pocket\pocket_tiny_goldRock2_02_1x1x1.tile","E:\SteamLibrary\steamapps\common\Scrap Mechanic\Survival\Terrain\Tiles\underground\Pocket\pocket_tiny_goldRock2_02_1x1x1.tileson","underground\Pocket","True"
"pocket_tiny_goldRock2_03_1x1x1.tile","b27a1040-3808-427c-9484-761491ff6ca2","b27a1040-3808-427c-9484-761491ff6ca2.png","True","E:\SteamLibrary\steamapps\common\Scrap Mechanic\Survival\Terrain\Tiles\underground\Pocket\pocket_tiny_goldRock2_03_1x1x1.tile","E:\SteamLibrary\steamapps\common\Scrap Mechanic\Survival\Terrain\Tiles\underground\Pocket\pocket_tiny_goldRock2_03_1x1x1.tileson","underground\Pocket","True"
"pocket_tiny_goldRock2_1x1x1.tile","fa717d6c-a3b2-49b2-8fb8-d2e18fc79a44","fa717d6c-a3b2-49b2-8fb8-d2e18fc79a44.png","True","E:\SteamLibrary\steamapps\common\Scrap Mechanic\Survival\Terrain\Tiles\underground\Pocket\pocket_tiny_goldRock2_1x1x1.tile","E:\SteamLibrary\steamapps\common\Scrap Mechanic\Survival\Terrain\Tiles\underground\Pocket\pocket_tiny_goldRock2_1x1x1.tileson","underground\Pocket","True"
"pocket_tiny_goldRock3_02_1x1x1.tile","09b22b50-62cb-42f0-a6cd-822338de3d46","09b22b50-62cb-42f0-a6cd-822338de3d46.png","True","E:\SteamLibrary\steamapps\common\Scrap Mechanic\Survival\Terrain\Tiles\underground\Pocket\pocket_tiny_goldRock3_02_1x1x1.tile","E:\SteamLibrary\steamapps\common\Scrap Mechanic\Survival\Terrain\Tiles\underground\Pocket\pocket_tiny_goldRock3_02_1x1x1.tileson","underground\Pocket","True"
"pocket_tiny_goldRock3_03_1x1x1.tile","7041c488-6b54-4b10-b282-f8b838cc650b","7041c488-6b54-4b10-b282-f8b838cc650b.png","True","E:\SteamLibrary\steamapps\common\Scrap Mechanic\Survival\Terrain\Tiles\underground\Pocket\pocket_tiny_goldRock3_03_1x1x1.tile","E:\SteamLibrary\steamapps\common\Scrap Mechanic\Survival\Terrain\Tiles\underground\Pocket\pocket_tiny_goldRock3_03_1x1x1.tileson","underground\Pocket","True"
"pocket_tiny_goldRock3_1x1x1.tile","aa8809ab-8851-46cf-ad73-a7d0c518dc7e","aa8809ab-8851-46cf-ad73-a7d0c518dc7e.png","True","E:\SteamLibrary\steamapps\common\Scrap Mechanic\Survival\Terrain\Tiles\underground\Pocket\pocket_tiny_goldRock3_1x1x1.tile","E:\SteamLibrary\steamapps\common\Scrap Mechanic\Survival\Terrain\Tiles\underground\Pocket\pocket_tiny_goldRock3_1x1x1.tileson","underground\Pocket","True"
"pocket_tiny_mixedRock3_02_1x1x1.tile","28531981-16a4-487d-82fa-a433f4665007","28531981-16a4-487d-82fa-a433f4665007.png","True","E:\SteamLibrary\steamapps\common\Scrap Mechanic\Survival\Terrain\Tiles\underground\Pocket\pocket_tiny_mixedRock3_02_1x1x1.tile","E:\SteamLibrary\steamapps\common\Scrap Mechanic\Survival\Terrain\Tiles\underground\Pocket\pocket_tiny_mixedRock3_02_1x1x1.tileson","underground\Pocket","True"
"pocket_tiny_mixedRock3_03_1x1x1.tile","62ed6133-1645-40d8-82d3-e7b0834e262d","62ed6133-1645-40d8-82d3-e7b0834e262d.png","True","E:\SteamLibrary\steamapps\common\Scrap Mechanic\Survival\Terrain\Tiles\underground\Pocket\pocket_tiny_mixedRock3_03_1x1x1.tile","E:\SteamLibrary\steamapps\common\Scrap Mechanic\Survival\Terrain\Tiles\underground\Pocket\pocket_tiny_mixedRock3_03_1x1x1.tileson","underground\Pocket","True"
"pocket_tiny_mixedRock3_1x1x1.tile","68cc9158-ff37-441b-a5fe-d90a163c0e84","68cc9158-ff37-441b-a5fe-d90a163c0e84.png","True","E:\SteamLibrary\steamapps\common\Scrap Mechanic\Survival\Terrain\Tiles\underground\Pocket\pocket_tiny_mixedRock3_1x1x1.tile","E:\SteamLibrary\steamapps\common\Scrap Mechanic\Survival\Terrain\Tiles\underground\Pocket\pocket_tiny_mixedRock3_1x1x1.tileson","underground\Pocket","True"
"pocket_tiny_mudRock2_02_1x1x1.tile","5fd76630-2d04-411d-843e-aa6fe7d3113a","5fd76630-2d04-411d-843e-aa6fe7d3113a.png","True","E:\SteamLibrary\steamapps\common\Scrap Mechanic\Survival\Terrain\Tiles\underground\Pocket\pocket_tiny_mudRock2_02_1x1x1.tile","E:\SteamLibrary\steamapps\common\Scrap Mechanic\Survival\Terrain\Tiles\underground\Pocket\pocket_tiny_mudRock2_02_1x1x1.tileson","underground\Pocket","True"
"pocket_tiny_mudRock2_03_1x1x1.tile","3717cbb2-79d5-40d0-bac9-03f307cf005d","3717cbb2-79d5-40d0-bac9-03f307cf005d.png","True","E:\SteamLibrary\steamapps\common\Scrap Mechanic\Survival\Terrain\Tiles\underground\Pocket\pocket_tiny_mudRock2_03_1x1x1.tile","E:\SteamLibrary\steamapps\common\Scrap Mechanic\Survival\Terrain\Tiles\underground\Pocket\pocket_tiny_mudRock2_03_1x1x1.tileson","underground\Pocket","True"
"pocket_tiny_mudRock2_1x1x1.tile","dfac8711-82c7-4c51-a21e-4935df715d78","dfac8711-82c7-4c51-a21e-4935df715d78.png","True","E:\SteamLibrary\steamapps\common\Scrap Mechanic\Survival\Terrain\Tiles\underground\Pocket\pocket_tiny_mudRock2_1x1x1.tile","E:\SteamLibrary\steamapps\common\Scrap Mechanic\Survival\Terrain\Tiles\underground\Pocket\pocket_tiny_mudRock2_1x1x1.tileson","underground\Pocket","True"
"pocket_tiny_potatoNimbolium_1x1x1.tile","276f686c-31db-4b89-9494-aad7a720aa8c","276f686c-31db-4b89-9494-aad7a720aa8c.png","True","E:\SteamLibrary\steamapps\common\Scrap Mechanic\Survival\Terrain\Tiles\underground\Pocket\pocket_tiny_potatoNimbolium_1x1x1.tile","E:\SteamLibrary\steamapps\common\Scrap Mechanic\Survival\Terrain\Tiles\underground\Pocket\pocket_tiny_potatoNimbolium_1x1x1.tileson","underground\Pocket","True"
"pocket_tiny_quartzRock2_02_1x1x1.tile","ec4c131a-8e65-4b6e-b127-f48fe5c51a0e","ec4c131a-8e65-4b6e-b127-f48fe5c51a0e.png","True","E:\SteamLibrary\steamapps\common\Scrap Mechanic\Survival\Terrain\Tiles\underground\Pocket\pocket_tiny_quartzRock2_02_1x1x1.tile","E:\SteamLibrary\steamapps\common\Scrap Mechanic\Survival\Terrain\Tiles\underground\Pocket\pocket_tiny_quartzRock2_02_1x1x1.tileson","underground\Pocket","True"
"pocket_tiny_quartzRock2_03_1x1x1.tile","5b94a7ea-efaa-4b8c-8e7b-10841b4e5a72","5b94a7ea-efaa-4b8c-8e7b-10841b4e5a72.png","True","E:\SteamLibrary\steamapps\common\Scrap Mechanic\Survival\Terrain\Tiles\underground\Pocket\pocket_tiny_quartzRock2_03_1x1x1.tile","E:\SteamLibrary\steamapps\common\Scrap Mechanic\Survival\Terrain\Tiles\underground\Pocket\pocket_tiny_quartzRock2_03_1x1x1.tileson","underground\Pocket","True"
"pocket_tiny_quartzRock2_1x1x1.tile","56718a6a-9cdc-49c3-8a95-5702d0572c38","56718a6a-9cdc-49c3-8a95-5702d0572c38.png","True","E:\SteamLibrary\steamapps\common\Scrap Mechanic\Survival\Terrain\Tiles\underground\Pocket\pocket_tiny_quartzRock2_1x1x1.tile","E:\SteamLibrary\steamapps\common\Scrap Mechanic\Survival\Terrain\Tiles\underground\Pocket\pocket_tiny_quartzRock2_1x1x1.tileson","underground\Pocket","True"
"poi_scrapyard_1024.tile","14b41d9e-a880-42bf-9130-ed5e3baaaf72","14b41d9e-a880-42bf-9130-ed5e3baaaf72.png","True","E:\SteamLibrary\steamapps\common\Scrap Mechanic\Survival\Terrain\Tiles\underground\Poi\poi_scrapyard_1024.tile","E:\SteamLibrary\steamapps\common\Scrap Mechanic\Survival\Terrain\Tiles\underground\Poi\poi_scrapyard_1024.tileson","underground\Poi","True"
"poi_undergroundstation01_1024.tile","44d1c6cd-fb82-4fc9-9d24-c9c37c9265e8","44d1c6cd-fb82-4fc9-9d24-c9c37c9265e8.png","True","E:\SteamLibrary\steamapps\common\Scrap Mechanic\Survival\Terrain\Tiles\underground\Poi\poi_undergroundstation01_1024.tile","E:\SteamLibrary\steamapps\common\Scrap Mechanic\Survival\Terrain\Tiles\underground\Poi\poi_undergroundstation01_1024.tileson","underground\Poi","True"
"poi_undergroundstation02_1024.tile","caaaf592-4e74-4de8-a74e-e9c061e878fd","caaaf592-4e74-4de8-a74e-e9c061e878fd.png","True","E:\SteamLibrary\steamapps\common\Scrap Mechanic\Survival\Terrain\Tiles\underground\Poi\poi_undergroundstation02_1024.tile","E:\SteamLibrary\steamapps\common\Scrap Mechanic\Survival\Terrain\Tiles\underground\Poi\poi_undergroundstation02_1024.tileson","underground\Poi","True"
"tunnelpocket_large_03_4x4x4.tile","e27b393d-49c5-4465-b372-615e7a5aebaf","e27b393d-49c5-4465-b372-615e7a5aebaf.png","True","E:\SteamLibrary\steamapps\common\Scrap Mechanic\Survival\Terrain\Tiles\underground\TunnelPocket\tunnelpocket_large_03_4x4x4.tile","E:\SteamLibrary\steamapps\common\Scrap Mechanic\Survival\Terrain\Tiles\underground\TunnelPocket\tunnelpocket_large_03_4x4x4.tileson","underground\TunnelPocket","True"
"tunnelpocket_large_04_4x4x4.tile","84acab01-5ada-4f81-a3c5-82f307e58d91","84acab01-5ada-4f81-a3c5-82f307e58d91.png","True","E:\SteamLibrary\steamapps\common\Scrap Mechanic\Survival\Terrain\Tiles\underground\TunnelPocket\tunnelpocket_large_04_4x4x4.tile","E:\SteamLibrary\steamapps\common\Scrap Mechanic\Survival\Terrain\Tiles\underground\TunnelPocket\tunnelpocket_large_04_4x4x4.tileson","underground\TunnelPocket","True"
"tunnelpocket_large_06_4x4x3.tile","b8fb704c-d7ed-4329-be85-6a0204878671","b8fb704c-d7ed-4329-be85-6a0204878671.png","True","E:\SteamLibrary\steamapps\common\Scrap Mechanic\Survival\Terrain\Tiles\underground\TunnelPocket\tunnelpocket_large_06_4x4x3.tile","E:\SteamLibrary\steamapps\common\Scrap Mechanic\Survival\Terrain\Tiles\underground\TunnelPocket\tunnelpocket_large_06_4x4x3.tileson","underground\TunnelPocket","True"
"tunnelpocket_large_07_2x4x5.tile","aa0e98b3-308a-4c54-b03c-e3ee0df51d1e","aa0e98b3-308a-4c54-b03c-e3ee0df51d1e.png","True","E:\SteamLibrary\steamapps\common\Scrap Mechanic\Survival\Terrain\Tiles\underground\TunnelPocket\tunnelpocket_large_07_2x4x5.tile","E:\SteamLibrary\steamapps\common\Scrap Mechanic\Survival\Terrain\Tiles\underground\TunnelPocket\tunnelpocket_large_07_2x4x5.tileson","underground\TunnelPocket","True"
"tunnelpocket_medium_01_3x3x3.tile","56f7be8a-28fc-46d6-a6a7-aabdc4585695","56f7be8a-28fc-46d6-a6a7-aabdc4585695.png","True","E:\SteamLibrary\steamapps\common\Scrap Mechanic\Survival\Terrain\Tiles\underground\TunnelPocket\tunnelpocket_medium_01_3x3x3.tile","E:\SteamLibrary\steamapps\common\Scrap Mechanic\Survival\Terrain\Tiles\underground\TunnelPocket\tunnelpocket_medium_01_3x3x3.tileson","underground\TunnelPocket","True"
"tunnelpocket_medium_03_2x2x4.tile","368a81c1-4115-450c-8bde-430cd16847fe","368a81c1-4115-450c-8bde-430cd16847fe.png","True","E:\SteamLibrary\steamapps\common\Scrap Mechanic\Survival\Terrain\Tiles\underground\TunnelPocket\tunnelpocket_medium_03_2x2x4.tile","E:\SteamLibrary\steamapps\common\Scrap Mechanic\Survival\Terrain\Tiles\underground\TunnelPocket\tunnelpocket_medium_03_2x2x4.tileson","underground\TunnelPocket","True"
"tunnelpocket_medium_04_3x3x2.tile","dfc949bd-da51-403b-9457-8918fcf10bc3","dfc949bd-da51-403b-9457-8918fcf10bc3.png","True","E:\SteamLibrary\steamapps\common\Scrap Mechanic\Survival\Terrain\Tiles\underground\TunnelPocket\tunnelpocket_medium_04_3x3x2.tile","E:\SteamLibrary\steamapps\common\Scrap Mechanic\Survival\Terrain\Tiles\underground\TunnelPocket\tunnelpocket_medium_04_3x3x2.tileson","underground\TunnelPocket","True"
"tunnelpocket_medium_08_2x4x2.tile","e71a669a-5f8d-4fa3-b128-a1fdd5efba81","e71a669a-5f8d-4fa3-b128-a1fdd5efba81.png","True","E:\SteamLibrary\steamapps\common\Scrap Mechanic\Survival\Terrain\Tiles\underground\TunnelPocket\tunnelpocket_medium_08_2x4x2.tile","E:\SteamLibrary\steamapps\common\Scrap Mechanic\Survival\Terrain\Tiles\underground\TunnelPocket\tunnelpocket_medium_08_2x4x2.tileson","underground\TunnelPocket","True"
"tunnelpocket_small_01_2x2x2.tile","24e99ba4-4a15-4ce0-ad79-aa7b74ec67e8","24e99ba4-4a15-4ce0-ad79-aa7b74ec67e8.png","True","E:\SteamLibrary\steamapps\common\Scrap Mechanic\Survival\Terrain\Tiles\underground\TunnelPocket\tunnelpocket_small_01_2x2x2.tile","E:\SteamLibrary\steamapps\common\Scrap Mechanic\Survival\Terrain\Tiles\underground\TunnelPocket\tunnelpocket_small_01_2x2x2.tileson","underground\TunnelPocket","True"
"tunnelpocket_small_02_2x2x2.tile","9db76443-2724-4dc8-9864-2c880c97ffdd","9db76443-2724-4dc8-9864-2c880c97ffdd.png","True","E:\SteamLibrary\steamapps\common\Scrap Mechanic\Survival\Terrain\Tiles\underground\TunnelPocket\tunnelpocket_small_02_2x2x2.tile","E:\SteamLibrary\steamapps\common\Scrap Mechanic\Survival\Terrain\Tiles\underground\TunnelPocket\tunnelpocket_small_02_2x2x2.tileson","underground\TunnelPocket","True"
"tunnelpocket_small_03_2x2x2.tile","d3aeb732-78b6-43aa-9e71-0833bc06234e","d3aeb732-78b6-43aa-9e71-0833bc06234e.png","True","E:\SteamLibrary\steamapps\common\Scrap Mechanic\Survival\Terrain\Tiles\underground\TunnelPocket\tunnelpocket_small_03_2x2x2.tile","E:\SteamLibrary\steamapps\common\Scrap Mechanic\Survival\Terrain\Tiles\underground\TunnelPocket\tunnelpocket_small_03_2x2x2.tileson","underground\TunnelPocket","True"
"tunnelpocket_small_passage_01_2x2x2.tile","36906f72-759b-4f40-860a-7873ca39508e","36906f72-759b-4f40-860a-7873ca39508e.png","True","E:\SteamLibrary\steamapps\common\Scrap Mechanic\Survival\Terrain\Tiles\underground\TunnelPocket\tunnelpocket_small_passage_01_2x2x2.tile","E:\SteamLibrary\steamapps\common\Scrap Mechanic\Survival\Terrain\Tiles\underground\TunnelPocket\tunnelpocket_small_passage_01_2x2x2.tileson","underground\TunnelPocket","True"
"tunnelpocket_small_passage_02_2x2x1.tile","a7ff4951-30fe-4510-85ca-7b05c1e60ce0","a7ff4951-30fe-4510-85ca-7b05c1e60ce0.png","True","E:\SteamLibrary\steamapps\common\Scrap Mechanic\Survival\Terrain\Tiles\underground\TunnelPocket\tunnelpocket_small_passage_02_2x2x1.tile","E:\SteamLibrary\steamapps\common\Scrap Mechanic\Survival\Terrain\Tiles\underground\TunnelPocket\tunnelpocket_small_passage_02_2x2x1.tileson","underground\TunnelPocket","True"
"tunnelpocket_small_passage_03_2x3x1.tile","a932a70c-2f43-493a-a9e7-a153f0638f84","a932a70c-2f43-493a-a9e7-a153f0638f84.png","True","E:\SteamLibrary\steamapps\common\Scrap Mechanic\Survival\Terrain\Tiles\underground\TunnelPocket\tunnelpocket_small_passage_03_2x3x1.tile","E:\SteamLibrary\steamapps\common\Scrap Mechanic\Survival\Terrain\Tiles\underground\TunnelPocket\tunnelpocket_small_passage_03_2x3x1.tileson","underground\TunnelPocket","True"
"tunnelpocket_small_passage_04_2x3x1.tile","cb1952c9-7483-481e-babe-215e5a61a106","cb1952c9-7483-481e-babe-215e5a61a106.png","True","E:\SteamLibrary\steamapps\common\Scrap Mechanic\Survival\Terrain\Tiles\underground\TunnelPocket\tunnelpocket_small_passage_04_2x3x1.tile","E:\SteamLibrary\steamapps\common\Scrap Mechanic\Survival\Terrain\Tiles\underground\TunnelPocket\tunnelpocket_small_passage_04_2x3x1.tileson","underground\TunnelPocket","True"
"tunnelpocket_small_passage_05_2x3x2.tile","75bd9312-cbe6-4dd2-81c5-2379e7179681","75bd9312-cbe6-4dd2-81c5-2379e7179681.png","True","E:\SteamLibrary\steamapps\common\Scrap Mechanic\Survival\Terrain\Tiles\underground\TunnelPocket\tunnelpocket_small_passage_05_2x3x2.tile","E:\SteamLibrary\steamapps\common\Scrap Mechanic\Survival\Terrain\Tiles\underground\TunnelPocket\tunnelpocket_small_passage_05_2x3x2.tileson","underground\TunnelPocket","True"
"tunnelpocket_small_passage_06_2x3x2.tile","05c62cbb-8904-47b6-94ed-90a42307adb3","05c62cbb-8904-47b6-94ed-90a42307adb3.png","True","E:\SteamLibrary\steamapps\common\Scrap Mechanic\Survival\Terrain\Tiles\underground\TunnelPocket\tunnelpocket_small_passage_06_2x3x2.tile","E:\SteamLibrary\steamapps\common\Scrap Mechanic\Survival\Terrain\Tiles\underground\TunnelPocket\tunnelpocket_small_passage_06_2x3x2.tileson","underground\TunnelPocket","True"
"tunnelpocket_small_passage_07_2x3x1.tile","5cdc00a2-bc32-46cd-bf8e-b9edf846dbd1","5cdc00a2-bc32-46cd-bf8e-b9edf846dbd1.png","True","E:\SteamLibrary\steamapps\common\Scrap Mechanic\Survival\Terrain\Tiles\underground\TunnelPocket\tunnelpocket_small_passage_07_2x3x1.tile","E:\SteamLibrary\steamapps\common\Scrap Mechanic\Survival\Terrain\Tiles\underground\TunnelPocket\tunnelpocket_small_passage_07_2x3x1.tileson","underground\TunnelPocket","True"
"tunnelpocket_small_passage_08_2x3x2.tile","a08984f5-8200-487b-a5de-83c2986e7f6a","a08984f5-8200-487b-a5de-83c2986e7f6a.png","True","E:\SteamLibrary\steamapps\common\Scrap Mechanic\Survival\Terrain\Tiles\underground\TunnelPocket\tunnelpocket_small_passage_08_2x3x2.tile","E:\SteamLibrary\steamapps\common\Scrap Mechanic\Survival\Terrain\Tiles\underground\TunnelPocket\tunnelpocket_small_passage_08_2x3x2.tileson","underground\TunnelPocket","True"
"tunnelpocket_small_passage_09_2x2x2.tile","b96bd8a9-cdb3-4aaf-b45d-f3fd9bce143c","b96bd8a9-cdb3-4aaf-b45d-f3fd9bce143c.png","True","E:\SteamLibrary\steamapps\common\Scrap Mechanic\Survival\Terrain\Tiles\underground\TunnelPocket\tunnelpocket_small_passage_09_2x2x2.tile","E:\SteamLibrary\steamapps\common\Scrap Mechanic\Survival\Terrain\Tiles\underground\TunnelPocket\tunnelpocket_small_passage_09_2x2x2.tileson","underground\TunnelPocket","True"
"tunnelpocket_small_passage_10_2x3x2.tile","26b68a10-306e-413a-b2f8-a96af3aed475","26b68a10-306e-413a-b2f8-a96af3aed475.png","True","E:\SteamLibrary\steamapps\common\Scrap Mechanic\Survival\Terrain\Tiles\underground\TunnelPocket\tunnelpocket_small_passage_10_2x3x2.tile","E:\SteamLibrary\steamapps\common\Scrap Mechanic\Survival\Terrain\Tiles\underground\TunnelPocket\tunnelpocket_small_passage_10_2x3x2.tileson","underground\TunnelPocket","True"
"tunnelpocket_small_passage_11_2x3x2.tile","b233c053-e3b9-46ab-8239-d33b3ddb1387","b233c053-e3b9-46ab-8239-d33b3ddb1387.png","True","E:\SteamLibrary\steamapps\common\Scrap Mechanic\Survival\Terrain\Tiles\underground\TunnelPocket\tunnelpocket_small_passage_11_2x3x2.tile","E:\SteamLibrary\steamapps\common\Scrap Mechanic\Survival\Terrain\Tiles\underground\TunnelPocket\tunnelpocket_small_passage_11_2x3x2.tileson","underground\TunnelPocket","True"
"tunnelpocket_small_passage_12_2x3x2.tile","310c50a5-67aa-4c65-86ea-ed319f84eb4c","310c50a5-67aa-4c65-86ea-ed319f84eb4c.png","True","E:\SteamLibrary\steamapps\common\Scrap Mechanic\Survival\Terrain\Tiles\underground\TunnelPocket\tunnelpocket_small_passage_12_2x3x2.tile","E:\SteamLibrary\steamapps\common\Scrap Mechanic\Survival\Terrain\Tiles\underground\TunnelPocket\tunnelpocket_small_passage_12_2x3x2.tileson","underground\TunnelPocket","True"
"tunnelpocket_small_passage_13_2x2x2.tile","5b71d06b-ec47-4c4d-ac4f-fc3183390bf3","5b71d06b-ec47-4c4d-ac4f-fc3183390bf3.png","True","E:\SteamLibrary\steamapps\common\Scrap Mechanic\Survival\Terrain\Tiles\underground\TunnelPocket\tunnelpocket_small_passage_13_2x2x2.tile","E:\SteamLibrary\steamapps\common\Scrap Mechanic\Survival\Terrain\Tiles\underground\TunnelPocket\tunnelpocket_small_passage_13_2x2x2.tileson","underground\TunnelPocket","True"
"tunnelpocket_small_passage_14_2x2x2.tile","3f1cc0b7-6434-427d-986c-71efdefeb4ae","3f1cc0b7-6434-427d-986c-71efdefeb4ae.png","True","E:\SteamLibrary\steamapps\common\Scrap Mechanic\Survival\Terrain\Tiles\underground\TunnelPocket\tunnelpocket_small_passage_14_2x2x2.tile","E:\SteamLibrary\steamapps\common\Scrap Mechanic\Survival\Terrain\Tiles\underground\TunnelPocket\tunnelpocket_small_passage_14_2x2x2.tileson","underground\TunnelPocket","True"
"tunnelpocket_small_passage_15_2x2x2.tile","9f40c68a-14f7-4e02-8106-9f6f1c37bb2a","9f40c68a-14f7-4e02-8106-9f6f1c37bb2a.png","True","E:\SteamLibrary\steamapps\common\Scrap Mechanic\Survival\Terrain\Tiles\underground\TunnelPocket\tunnelpocket_small_passage_15_2x2x2.tile","E:\SteamLibrary\steamapps\common\Scrap Mechanic\Survival\Terrain\Tiles\underground\TunnelPocket\tunnelpocket_small_passage_15_2x2x2.tileson","underground\TunnelPocket","True"
"tunnelpocket_small_passage_16_2x2x2.tile","6a2645b8-1420-438b-af49-411015ebcd2c","6a2645b8-1420-438b-af49-411015ebcd2c.png","True","E:\SteamLibrary\steamapps\common\Scrap Mechanic\Survival\Terrain\Tiles\underground\TunnelPocket\tunnelpocket_small_passage_16_2x2x2.tile","E:\SteamLibrary\steamapps\common\Scrap Mechanic\Survival\Terrain\Tiles\underground\TunnelPocket\tunnelpocket_small_passage_16_2x2x2.tileson","underground\TunnelPocket","True"
"tunnelpocket_small_passage_17_2x2x2.tile","7cbaa2b8-6acf-4ed5-8177-4ff2d424579c","7cbaa2b8-6acf-4ed5-8177-4ff2d424579c.png","True","E:\SteamLibrary\steamapps\common\Scrap Mechanic\Survival\Terrain\Tiles\underground\TunnelPocket\tunnelpocket_small_passage_17_2x2x2.tile","E:\SteamLibrary\steamapps\common\Scrap Mechanic\Survival\Terrain\Tiles\underground\TunnelPocket\tunnelpocket_small_passage_17_2x2x2.tileson","underground\TunnelPocket","True"
"tunnelpocket_small_passage_18_2x2x2.tile","452c079b-98a4-4527-84d0-d66144d5e5f3","452c079b-98a4-4527-84d0-d66144d5e5f3.png","True","E:\SteamLibrary\steamapps\common\Scrap Mechanic\Survival\Terrain\Tiles\underground\TunnelPocket\tunnelpocket_small_passage_18_2x2x2.tile","E:\SteamLibrary\steamapps\common\Scrap Mechanic\Survival\Terrain\Tiles\underground\TunnelPocket\tunnelpocket_small_passage_18_2x2x2.tileson","underground\TunnelPocket","True"
"tunnelpocket_small_passage_19_2x2x2.tile","9d5d9235-c6f2-437f-9532-5464f6815bbb","9d5d9235-c6f2-437f-9532-5464f6815bbb.png","True","E:\SteamLibrary\steamapps\common\Scrap Mechanic\Survival\Terrain\Tiles\underground\TunnelPocket\tunnelpocket_small_passage_19_2x2x2.tile","E:\SteamLibrary\steamapps\common\Scrap Mechanic\Survival\Terrain\Tiles\underground\TunnelPocket\tunnelpocket_small_passage_19_2x2x2.tileson","underground\TunnelPocket","True"
"tunnelpocket_small_passage_20_2x2x2.tile","7a333a65-b4fb-44fd-85a8-54590ebb5f3e","7a333a65-b4fb-44fd-85a8-54590ebb5f3e.png","True","E:\SteamLibrary\steamapps\common\Scrap Mechanic\Survival\Terrain\Tiles\underground\TunnelPocket\tunnelpocket_small_passage_20_2x2x2.tile","E:\SteamLibrary\steamapps\common\Scrap Mechanic\Survival\Terrain\Tiles\underground\TunnelPocket\tunnelpocket_small_passage_20_2x2x2.tileson","underground\TunnelPocket","True"
"tunnelpocket_tiny_01_1x1x1.tile","f2722fb3-c8cc-4e78-893b-31a5ace9c995","f2722fb3-c8cc-4e78-893b-31a5ace9c995.png","True","E:\SteamLibrary\steamapps\common\Scrap Mechanic\Survival\Terrain\Tiles\underground\TunnelPocket\tunnelpocket_tiny_01_1x1x1.tile","E:\SteamLibrary\steamapps\common\Scrap Mechanic\Survival\Terrain\Tiles\underground\TunnelPocket\tunnelpocket_tiny_01_1x1x1.tileson","underground\TunnelPocket","True"
"tunnelpocket_tiny_02_1x1x1.tile","b32df6e0-5379-40fd-97a3-cebe04e49df4","b32df6e0-5379-40fd-97a3-cebe04e49df4.png","True","E:\SteamLibrary\steamapps\common\Scrap Mechanic\Survival\Terrain\Tiles\underground\TunnelPocket\tunnelpocket_tiny_02_1x1x1.tile","E:\SteamLibrary\steamapps\common\Scrap Mechanic\Survival\Terrain\Tiles\underground\TunnelPocket\tunnelpocket_tiny_02_1x1x1.tileson","underground\TunnelPocket","True"
"tunnelpocket_tiny_03_1x1x1.tile","d4ce70f3-86a7-4edd-b2be-ce713f623294","d4ce70f3-86a7-4edd-b2be-ce713f623294.png","True","E:\SteamLibrary\steamapps\common\Scrap Mechanic\Survival\Terrain\Tiles\underground\TunnelPocket\tunnelpocket_tiny_03_1x1x1.tile","E:\SteamLibrary\steamapps\common\Scrap Mechanic\Survival\Terrain\Tiles\underground\TunnelPocket\tunnelpocket_tiny_03_1x1x1.tileson","underground\TunnelPocket","True"
"tunnelpocket_tiny_04_1x1x1.tile","af02c2d2-cf79-41a6-b909-7fd886ad8024","af02c2d2-cf79-41a6-b909-7fd886ad8024.png","True","E:\SteamLibrary\steamapps\common\Scrap Mechanic\Survival\Terrain\Tiles\underground\TunnelPocket\tunnelpocket_tiny_04_1x1x1.tile","E:\SteamLibrary\steamapps\common\Scrap Mechanic\Survival\Terrain\Tiles\underground\TunnelPocket\tunnelpocket_tiny_04_1x1x1.tileson","underground\TunnelPocket","True"
"tunnelpocket_tiny_05_1x1x1.tile","314680a3-77a1-4aa5-87f2-9ebc1e0c0f16","314680a3-77a1-4aa5-87f2-9ebc1e0c0f16.png","True","E:\SteamLibrary\steamapps\common\Scrap Mechanic\Survival\Terrain\Tiles\underground\TunnelPocket\tunnelpocket_tiny_05_1x1x1.tile","E:\SteamLibrary\steamapps\common\Scrap Mechanic\Survival\Terrain\Tiles\underground\TunnelPocket\tunnelpocket_tiny_05_1x1x1.tileson","underground\TunnelPocket","True"
"tunnelpocket_tiny_06_1x1x1.tile","b11481e6-6dae-4594-a93d-7e263328ae0a","b11481e6-6dae-4594-a93d-7e263328ae0a.png","True","E:\SteamLibrary\steamapps\common\Scrap Mechanic\Survival\Terrain\Tiles\underground\TunnelPocket\tunnelpocket_tiny_06_1x1x1.tile","E:\SteamLibrary\steamapps\common\Scrap Mechanic\Survival\Terrain\Tiles\underground\TunnelPocket\tunnelpocket_tiny_06_1x1x1.tileson","underground\TunnelPocket","True"
"tunnelpocket_tiny_07_1x1x1.tile","e7e4373d-94ea-4f9e-96fb-6ebb11e31330","e7e4373d-94ea-4f9e-96fb-6ebb11e31330.png","True","E:\SteamLibrary\steamapps\common\Scrap Mechanic\Survival\Terrain\Tiles\underground\TunnelPocket\tunnelpocket_tiny_07_1x1x1.tile","E:\SteamLibrary\steamapps\common\Scrap Mechanic\Survival\Terrain\Tiles\underground\TunnelPocket\tunnelpocket_tiny_07_1x1x1.tileson","underground\TunnelPocket","True"
"tunnelpocket_tiny_08_1x1x1.tile","7facb671-1042-484f-bb43-50ad622b1a1d","7facb671-1042-484f-bb43-50ad622b1a1d.png","True","E:\SteamLibrary\steamapps\common\Scrap Mechanic\Survival\Terrain\Tiles\underground\TunnelPocket\tunnelpocket_tiny_08_1x1x1.tile","E:\SteamLibrary\steamapps\common\Scrap Mechanic\Survival\Terrain\Tiles\underground\TunnelPocket\tunnelpocket_tiny_08_1x1x1.tileson","underground\TunnelPocket","True"
"tunnelpocket_tiny_09_1x1x1.tile","3ede71ca-8bc9-4a3b-a08d-73cad7c6c633","3ede71ca-8bc9-4a3b-a08d-73cad7c6c633.png","True","E:\SteamLibrary\steamapps\common\Scrap Mechanic\Survival\Terrain\Tiles\underground\TunnelPocket\tunnelpocket_tiny_09_1x1x1.tile","E:\SteamLibrary\steamapps\common\Scrap Mechanic\Survival\Terrain\Tiles\underground\TunnelPocket\tunnelpocket_tiny_09_1x1x1.tileson","underground\TunnelPocket","True"
"tunnelpocket_tiny_10_1x1x1.tile","ab2ca6dc-e230-4aa1-a27b-3517fed6b03f","ab2ca6dc-e230-4aa1-a27b-3517fed6b03f.png","True","E:\SteamLibrary\steamapps\common\Scrap Mechanic\Survival\Terrain\Tiles\underground\TunnelPocket\tunnelpocket_tiny_10_1x1x1.tile","E:\SteamLibrary\steamapps\common\Scrap Mechanic\Survival\Terrain\Tiles\underground\TunnelPocket\tunnelpocket_tiny_10_1x1x1.tileson","underground\TunnelPocket","True"
